2026-09-22 23:17:46,123 INFO laneforge.ingest.seeds: GOLD IV page 1: 205 entries, 205 new seeds
2026-09-22 23:17:46,388 INFO laneforge.ingest.seeds: GOLD IV page 2: 205 entries, 200 new seeds
2026-09-22 23:17:46,826 INFO laneforge.ingest.seeds: GOLD IV page 3: 205 entries, 200 new seeds
2026-09-22 23:17:47,105 INFO laneforge.ingest.seeds: GOLD IV page 4: 205 entries, 200 new seeds
2026-09-22 23:17:47,373 INFO laneforge.ingest.seeds: GOLD IV page 5: 205 entries, 200 new seeds
2026-09-22 23:17:47,628 INFO laneforge.ingest.seeds: GOLD III page 1: 205 entries, 205 new seeds
2026-09-22 23:17:47,918 INFO laneforge.ingest.seeds: GOLD III page 2: 205 entries, 200 new seeds
2026-09-22 23:17:48,272 INFO laneforge.ingest.seeds: GOLD III page 3: 205 entries, 200 new seeds
2026-09-22 23:17:48,539 INFO laneforge.ingest.seeds: GOLD III page 4: 205 entries, 200 new seeds
2026-09-22 23:17:48,818 INFO laneforge.ingest.seeds: GOLD III page 5: 205 entries, 200 new seeds
2026-09-22 23:17:49,169 INFO laneforge.ingest.seeds: GOLD II page 1: 205 entries, 205 new seeds
2026-09-22 23:17:49,793 INFO laneforge.ingest.seeds: GOLD II page 2: 205 entries, 200 new seeds
2026-09-22 23:17:50,078 INFO laneforge.ingest.seeds: GOLD II page 3: 205 entries, 200 new seeds
2026-09-22 23:17:50,357 INFO laneforge.ingest.seeds: GOLD II page 4: 205 entries, 200 new seeds
2026-09-22 23:17:50,627 INFO laneforge.ingest.seeds: GOLD II page 5: 205 entries, 200 new seeds
2026-09-22 23:17:50,902 INFO laneforge.ingest.seeds: GOLD I page 1: 205 entries, 205 new seeds
2026-09-22 23:17:51,172 INFO laneforge.ingest.seeds: GOLD I page 2: 205 entries, 200 new seeds
2026-09-22 23:17:51,497 INFO laneforge.ingest.seeds: GOLD I page 3: 205 entries, 200 new seeds
2026-09-22 23:17:52,019 INFO laneforge.ingest.seeds: GOLD I page 4: 205 entries, 200 new seeds
2026-09-22 23:17:52,301 INFO laneforge.ingest.seeds: GOLD I page 5: 205 entries, 200 new seeds
2026-09-22 23:17:52,561 INFO laneforge.ingest.seeds: PLATINUM IV page 1: 205 entries, 205 new seeds
2026-09-22 23:17:52,824 INFO laneforge.ingest.seeds: PLATINUM IV page 2: 205 entries, 200 new seeds
2026-09-22 23:17:53,091 INFO laneforge.ingest.seeds: PLATINUM IV page 3: 205 entries, 200 new seeds
2026-09-22 23:17:53,426 INFO laneforge.ingest.seeds: PLATINUM IV page 4: 205 entries, 200 new seeds
2026-09-22 23:17:54,436 INFO laneforge.ingest.seeds: PLATINUM IV page 5: 205 entries, 200 new seeds
2026-09-22 23:17:54,688 INFO laneforge.ingest.seeds: PLATINUM III page 1: 205 entries, 205 new seeds
2026-09-22 23:17:54,950 INFO laneforge.ingest.seeds: PLATINUM III page 2: 205 entries, 200 new seeds
2026-09-22 23:17:55,249 INFO laneforge.ingest.seeds: PLATINUM III page 3: 205 entries, 200 new seeds
2026-09-22 23:17:55,519 INFO laneforge.ingest.seeds: PLATINUM III page 4: 205 entries, 200 new seeds
2026-09-22 23:17:55,799 INFO laneforge.ingest.seeds: PLATINUM III page 5: 205 entries, 200 new seeds
2026-09-22 23:17:56,039 INFO laneforge.ingest.seeds: PLATINUM II page 1: 205 entries, 205 new seeds
2026-09-22 23:17:56,306 INFO laneforge.ingest.seeds: PLATINUM II page 2: 205 entries, 200 new seeds
2026-09-22 23:17:56,567 INFO laneforge.ingest.seeds: PLATINUM II page 3: 205 entries, 200 new seeds
2026-09-22 23:17:56,866 INFO laneforge.ingest.seeds: PLATINUM II page 4: 205 entries, 200 new seeds
2026-09-22 23:17:57,357 INFO laneforge.ingest.seeds: PLATINUM II page 5: 205 entries, 200 new seeds
2026-09-22 23:17:57,654 INFO laneforge.ingest.seeds: PLATINUM I page 1: 205 entries, 205 new seeds
2026-09-22 23:17:57,911 INFO laneforge.ingest.seeds: PLATINUM I page 2: 205 entries, 200 new seeds
2026-09-22 23:17:58,225 INFO laneforge.ingest.seeds: PLATINUM I page 3: 205 entries, 200 new seeds
2026-09-22 23:17:58,471 INFO laneforge.ingest.seeds: PLATINUM I page 4: 205 entries, 200 new seeds
2026-09-22 23:17:58,718 INFO laneforge.ingest.seeds: PLATINUM I page 5: 205 entries, 200 new seeds
seeds: +8040 new, 8040 total, 40 pages fetched
2026-09-22 23:17:58,862 INFO laneforge.ingest: crawl window 1788912000..1790133478 (epoch s)
2026-09-22 23:17:59,046 INFO laneforge.ingest.crawl: seed xEjbGgj_NGM5 (GOLD IV): 0 match ids
2026-09-22 23:17:59,180 INFO laneforge.ingest.crawl: seed BLgckIgSX7eR (GOLD IV): 0 match ids
2026-09-22 23:17:59,286 INFO laneforge.ingest.crawl: seed 9jfvJxXlov9F (GOLD IV): 39 match ids
2026-09-22 23:17:59,995 INFO laneforge.ingest.crawl: fetched NA1_5646565797 (GOLD) [1 this run]
2026-09-22 23:18:00,934 INFO laneforge.ingest.crawl: fetched NA1_5646116874 (GOLD) [2 this run]
2026-09-22 23:18:01,706 INFO laneforge.ingest.crawl: fetched NA1_5646081916 (GOLD) [3 this run]
2026-09-22 23:18:02,422 INFO laneforge.ingest.crawl: fetched NA1_5646042436 (GOLD) [4 this run]
2026-09-22 23:18:03,131 INFO laneforge.ingest.crawl: fetched NA1_5643788008 (GOLD) [5 this run]
2026-09-22 23:18:03,874 INFO laneforge.ingest.crawl: fetched NA1_5643772642 (GOLD) [6 this run]
2026-09-22 23:18:04,925 INFO laneforge.ingest.crawl: fetched NA1_5643771426 (GOLD) [7 this run]
2026-09-22 23:18:05,707 INFO laneforge.ingest.crawl: fetched NA1_5643476547 (GOLD) [8 this run]
2026-09-22 23:18:06,755 INFO laneforge.ingest.crawl: fetched NA1_5642377375 (GOLD) [9 this run]
2026-09-22 23:18:07,557 INFO laneforge.ingest.crawl: fetched NA1_5642348561 (GOLD) [10 this run]
2026-09-22 23:18:07,737 INFO laneforge.ingest.crawl: reject NA1_5642335991 before timeline: too_short: 923s < 960s
2026-09-22 23:18:08,524 INFO laneforge.ingest.crawl: fetched NA1_5642310892 (GOLD) [11 this run]
2026-09-22 23:18:09,407 INFO laneforge.ingest.crawl: fetched NA1_5642260562 (GOLD) [12 this run]
2026-09-22 23:18:10,114 INFO laneforge.ingest.crawl: fetched NA1_5642242862 (GOLD) [13 this run]
2026-09-22 23:18:10,841 INFO laneforge.ingest.crawl: fetched NA1_5642206723 (GOLD) [14 this run]
2026-09-22 23:18:11,698 INFO laneforge.ingest.crawl: fetched NA1_5642189949 (GOLD) [15 this run]
2026-09-22 23:18:12,381 INFO laneforge.ingest.crawl: fetched NA1_5641557453 (GOLD) [16 this run]
2026-09-22 23:18:13,094 INFO laneforge.ingest.crawl: fetched NA1_5641307633 (GOLD) [17 this run]
2026-09-22 23:18:13,872 INFO laneforge.ingest.crawl: fetched NA1_5641106651 (GOLD) [18 this run]
2026-09-22 23:18:14,625 INFO laneforge.ingest.crawl: fetched NA1_5641079948 (GOLD) [19 this run]
2026-09-22 23:18:15,190 INFO laneforge.ingest.crawl: fetched NA1_5641058324 (GOLD) [20 this run]
2026-09-22 23:18:16,009 INFO laneforge.ingest.crawl: fetched NA1_5641022495 (GOLD) [21 this run]
2026-09-22 23:18:16,944 INFO laneforge.ingest.crawl: fetched NA1_5640986969 (GOLD) [22 this run]
2026-09-22 23:18:17,745 INFO laneforge.ingest.crawl: fetched NA1_5640968911 (GOLD) [23 this run]
2026-09-22 23:18:18,717 INFO laneforge.ingest.crawl: fetched NA1_5640913699 (GOLD) [24 this run]
2026-09-22 23:18:19,460 INFO laneforge.ingest.crawl: fetched NA1_5640862789 (GOLD) [25 this run]
2026-09-22 23:18:20,234 INFO laneforge.ingest.crawl: fetched NA1_5640826310 (GOLD) [26 this run]
2026-09-22 23:18:21,139 INFO laneforge.ingest.crawl: fetched NA1_5640796768 (GOLD) [27 this run]
2026-09-22 23:18:21,925 INFO laneforge.ingest.crawl: fetched NA1_5640624875 (GOLD) [28 this run]
2026-09-22 23:18:22,862 INFO laneforge.ingest.crawl: fetched NA1_5639690274 (GOLD) [29 this run]
2026-09-22 23:18:23,712 INFO laneforge.ingest.crawl: fetched NA1_5639653988 (GOLD) [30 this run]
2026-09-22 23:18:24,478 INFO laneforge.ingest.crawl: fetched NA1_5639628831 (GOLD) [31 this run]
2026-09-22 23:18:25,273 INFO laneforge.ingest.crawl: fetched NA1_5639595768 (GOLD) [32 this run]
2026-09-22 23:18:26,024 INFO laneforge.ingest.crawl: fetched NA1_5639573789 (GOLD) [33 this run]
2026-09-22 23:18:26,310 INFO laneforge.ingest.crawl: reject NA1_5639026639 before timeline: wrong_patch: gameVersion 16.17.810.4348 is not patch 16.18
2026-09-22 23:18:26,522 INFO laneforge.ingest.crawl: reject NA1_5639012867 before timeline: wrong_patch: gameVersion 16.17.810.4348 is not patch 16.18
2026-09-22 23:18:26,756 INFO laneforge.ingest.crawl: reject NA1_5638940133 before timeline: wrong_patch: gameVersion 16.17.810.4348 is not patch 16.18
2026-09-22 23:18:26,998 INFO laneforge.ingest.crawl: reject NA1_5638439265 before timeline: wrong_patch: gameVersion 16.17.810.4348 is not patch 16.18
2026-09-22 23:18:27,333 INFO laneforge.ingest.crawl: reject NA1_5638415045 before timeline: wrong_patch: gameVersion 16.17.810.4348 is not patch 16.18
2026-09-22 23:18:27,456 INFO laneforge.ingest.crawl: seed AiuNUmAkhgnA (GOLD IV): 0 match ids
2026-09-22 23:18:27,571 INFO laneforge.ingest.crawl: seed KXZgUuogupnl (GOLD IV): 0 match ids
2026-09-22 23:18:27,681 INFO laneforge.ingest.crawl: seed rNfjmcttoe59 (GOLD IV): 0 match ids
2026-09-22 23:18:27,795 INFO laneforge.ingest.crawl: seed E9DZhKdCTBB3 (GOLD IV): 0 match ids
2026-09-22 23:18:27,921 INFO laneforge.ingest.crawl: seed sXx646Ku2rqJ (GOLD IV): 0 match ids
2026-09-22 23:18:28,039 INFO laneforge.ingest.crawl: seed TalwfjYblcO4 (GOLD IV): 0 match ids
2026-09-22 23:18:28,190 INFO laneforge.ingest.crawl: seed _UNt6yxiSP3x (GOLD IV): 18 match ids
2026-09-22 23:18:29,048 INFO laneforge.ingest.crawl: fetched NA1_5647039352 (GOLD) [34 this run]
2026-09-22 23:18:29,848 INFO laneforge.ingest.crawl: fetched NA1_5646707436 (GOLD) [35 this run]
2026-09-22 23:18:30,385 INFO laneforge.ingest.crawl: fetched NA1_5646690146 (GOLD) [36 this run]
2026-09-22 23:18:31,193 INFO laneforge.ingest.crawl: fetched NA1_5645178214 (GOLD) [37 this run]
2026-09-22 23:18:31,979 INFO laneforge.ingest.crawl: fetched NA1_5645167809 (GOLD) [38 this run]
2026-09-22 23:18:32,549 INFO laneforge.ingest.crawl: fetched NA1_5644701962 (GOLD) [39 this run]
2026-09-22 23:18:33,274 INFO laneforge.ingest.crawl: fetched NA1_5643305535 (GOLD) [40 this run]
2026-09-22 23:18:33,473 INFO laneforge.ingest.crawl: reject NA1_5643311850 before timeline: too_short: 910s < 960s
2026-09-22 23:18:33,664 INFO laneforge.ingest.crawl: reject NA1_5643294667 before timeline: early_surrender: remake
2026-09-22 23:18:34,433 INFO laneforge.ingest.crawl: fetched NA1_5643290827 (GOLD) [41 this run]
2026-09-22 23:19:59,752 INFO laneforge.ingest.crawl: fetched NA1_5640831782 (GOLD) [42 this run]
2026-09-22 23:20:00,451 INFO laneforge.ingest.crawl: fetched NA1_5640808977 (GOLD) [43 this run]
2026-09-22 23:20:01,126 INFO laneforge.ingest.crawl: fetched NA1_5640801821 (GOLD) [44 this run]
2026-09-22 23:20:02,117 INFO laneforge.ingest.crawl: fetched NA1_5639369277 (GOLD) [45 this run]
2026-09-22 23:20:02,945 INFO laneforge.ingest.crawl: fetched NA1_5639355587 (GOLD) [46 this run]
2026-09-22 23:20:03,799 INFO laneforge.ingest.crawl: reject NA1_5638979243 before timeline: wrong_patch: gameVersion 16.17.810.4348 is not patch 16.18
2026-09-22 23:20:04,141 INFO laneforge.ingest.crawl: reject NA1_5638957055 before timeline: wrong_patch: gameVersion 16.17.810.4348 is not patch 16.18
2026-09-22 23:20:04,548 INFO laneforge.ingest.crawl: reject NA1_5638347271 before timeline: wrong_patch: gameVersion 16.17.810.4348 is not patch 16.18
2026-09-22 23:20:04,662 INFO laneforge.ingest.crawl: seed kBffciuXCzlw (GOLD IV): 0 match ids
2026-09-22 23:20:04,774 INFO laneforge.ingest.crawl: seed DYKi42lfThBj (GOLD IV): 0 match ids
2026-09-22 23:20:04,900 INFO laneforge.ingest.crawl: seed d6B9QBJ01Y8e (GOLD IV): 0 match ids
2026-09-22 23:20:05,013 INFO laneforge.ingest.crawl: seed AbIuoT4W7Ogi (GOLD IV): 0 match ids
2026-09-22 23:20:05,151 INFO laneforge.ingest.crawl: seed IJlrHuM8MeA0 (GOLD IV): 0 match ids
2026-09-22 23:20:05,271 INFO laneforge.ingest.crawl: seed sqOQZjARzXYs (GOLD IV): 0 match ids
2026-09-22 23:20:05,844 INFO laneforge.ingest.crawl: seed WHZ28u-oEALA (GOLD IV): 40 match ids
2026-09-22 23:20:07,339 INFO laneforge.ingest.crawl: fetched NA1_5646885268 (GOLD) [47 this run]
2026-09-22 23:20:07,505 INFO laneforge.ingest.crawl: reject NA1_5646876670 before timeline: early_surrender: remake
2026-09-22 23:20:08,402 INFO laneforge.ingest.crawl: fetched NA1_5646868525 (GOLD) [48 this run]
2026-09-22 23:20:09,353 INFO laneforge.ingest.crawl: fetched NA1_5646798668 (GOLD) [49 this run]
2026-09-22 23:20:10,123 INFO laneforge.ingest.crawl: fetched NA1_5644345815 (GOLD) [50 this run]
2026-09-22 23:20:10,920 INFO laneforge.ingest.crawl: fetched NA1_5644337109 (GOLD) [51 this run]
2026-09-22 23:20:11,686 INFO laneforge.ingest.crawl: fetched NA1_5644326920 (GOLD) [52 this run]
2026-09-22 23:20:12,322 INFO laneforge.ingest.crawl: fetched NA1_5644317301 (GOLD) [53 this run]
2026-09-22 23:20:13,027 INFO laneforge.ingest.crawl: fetched NA1_5644305402 (GOLD) [54 this run]
2026-09-22 23:20:14,071 INFO laneforge.ingest.crawl: fetched NA1_5644116736 (GOLD) [55 this run]
2026-09-22 23:20:15,148 INFO laneforge.ingest.crawl: fetched NA1_5644079780 (GOLD) [56 this run]
2026-09-22 23:20:15,895 INFO laneforge.ingest.crawl: fetched NA1_5644052106 (GOLD) [57 this run]
2026-09-22 23:20:16,775 INFO laneforge.ingest.crawl: fetched NA1_5644023960 (GOLD) [58 this run]
2026-09-22 23:20:17,941 INFO laneforge.ingest.crawl: fetched NA1_5644003232 (GOLD) [59 this run]
2026-09-22 23:20:18,637 INFO laneforge.ingest.crawl: fetched NA1_5643756278 (GOLD) [60 this run]
2026-09-22 23:20:19,465 INFO laneforge.ingest.crawl: fetched NA1_5643757785 (GOLD) [61 this run]
2026-09-22 23:20:20,193 INFO laneforge.ingest.crawl: fetched NA1_5643739407 (GOLD) [62 this run]
2026-09-22 23:20:21,034 INFO laneforge.ingest.crawl: fetched NA1_5643727505 (GOLD) [63 this run]
2026-09-22 23:20:21,817 INFO laneforge.ingest.crawl: fetched NA1_5643712522 (GOLD) [64 this run]
2026-09-22 23:20:22,632 INFO laneforge.ingest.crawl: fetched NA1_5643702370 (GOLD) [65 this run]
2026-09-22 23:20:23,585 INFO laneforge.ingest.crawl: fetched NA1_5643682364 (GOLD) [66 this run]
2026-09-22 23:20:24,436 INFO laneforge.ingest.crawl: fetched NA1_5643671762 (GOLD) [67 this run]
2026-09-22 23:20:25,257 INFO laneforge.ingest.crawl: fetched NA1_5643641894 (GOLD) [68 this run]
2026-09-22 23:20:25,949 INFO laneforge.ingest.crawl: fetched NA1_5643605232 (GOLD) [69 this run]
2026-09-22 23:20:26,836 INFO laneforge.ingest.crawl: fetched NA1_5640791691 (GOLD) [70 this run]
2026-09-22 23:20:27,770 INFO laneforge.ingest.crawl: fetched NA1_5640768790 (GOLD) [71 this run]
2026-09-22 23:20:28,791 INFO laneforge.ingest.crawl: fetched NA1_5640739497 (GOLD) [72 this run]
2026-09-22 23:20:29,614 INFO laneforge.ingest.crawl: fetched NA1_5640536232 (GOLD) [73 this run]
2026-09-22 23:20:30,457 INFO laneforge.ingest.crawl: fetched NA1_5640521332 (GOLD) [74 this run]
2026-09-22 23:20:31,258 INFO laneforge.ingest.crawl: fetched NA1_5639875430 (GOLD) [75 this run]
2026-09-22 23:20:32,169 INFO laneforge.ingest.crawl: fetched NA1_5639872623 (GOLD) [76 this run]
2026-09-22 23:20:32,941 INFO laneforge.ingest.crawl: fetched NA1_5639870091 (GOLD) [77 this run]
2026-09-22 23:20:33,804 INFO laneforge.ingest.crawl: fetched NA1_5639857060 (GOLD) [78 this run]
2026-09-22 23:20:34,084 INFO laneforge.ingest.crawl: reject NA1_5638991410 before timeline: wrong_patch: gameVersion 16.17.810.4348 is not patch 16.18
2026-09-22 23:20:34,287 INFO laneforge.ingest.crawl: reject NA1_5638952706 before timeline: wrong_patch: gameVersion 16.17.810.4348 is not patch 16.18
2026-09-22 23:20:34,537 INFO laneforge.ingest.crawl: reject NA1_5638932956 before timeline: wrong_patch: gameVersion 16.17.810.4348 is not patch 16.18
2026-09-22 23:20:34,755 INFO laneforge.ingest.crawl: reject NA1_5638872239 before timeline: wrong_patch: gameVersion 16.17.810.4348 is not patch 16.18
2026-09-22 23:20:35,076 INFO laneforge.ingest.crawl: reject NA1_5638847565 before timeline: wrong_patch: gameVersion 16.17.810.4348 is not patch 16.18
2026-09-22 23:20:35,387 INFO laneforge.ingest.crawl: reject NA1_5638848937 before timeline: wrong_patch: gameVersion 16.17.810.4348 is not patch 16.18
2026-09-22 23:20:35,594 INFO laneforge.ingest.crawl: reject NA1_5638831367 before timeline: wrong_patch: gameVersion 16.17.810.4348 is not patch 16.18
2026-09-22 23:20:35,716 INFO laneforge.ingest.crawl: seed mI7Gpn_OtKHJ (GOLD IV): 0 match ids
2026-09-22 23:20:35,826 INFO laneforge.ingest.crawl: seed wzUZB17NqzH7 (GOLD IV): 0 match ids
2026-09-22 23:20:35,939 INFO laneforge.ingest.crawl: seed v2gU_LzgVh8E (GOLD IV): 0 match ids
2026-09-22 23:20:36,061 INFO laneforge.ingest.crawl: seed D_-HLiHkCyK9 (GOLD IV): 20 match ids
2026-09-22 23:20:36,815 INFO laneforge.ingest.crawl: fetched NA1_5646512414 (GOLD) [79 this run]
2026-09-22 23:20:37,636 INFO laneforge.ingest.crawl: fetched NA1_5645949536 (GOLD) [80 this run]
2026-09-22 23:22:00,260 INFO laneforge.ingest.crawl: fetched NA1_5645927984 (GOLD) [81 this run]
2026-09-22 23:22:01,225 INFO laneforge.ingest.crawl: fetched NA1_5645537031 (GOLD) [82 this run]
2026-09-22 23:22:02,018 INFO laneforge.ingest.crawl: fetched NA1_5643985818 (GOLD) [83 this run]
2026-09-22 23:22:02,866 INFO laneforge.ingest.crawl: fetched NA1_5643919780 (GOLD) [84 this run]
2026-09-22 23:22:03,805 INFO laneforge.ingest.crawl: fetched NA1_5643488336 (GOLD) [85 this run]
2026-09-22 23:22:04,664 INFO laneforge.ingest.crawl: fetched NA1_5643452531 (GOLD) [86 this run]
2026-09-22 23:22:05,484 INFO laneforge.ingest.crawl: fetched NA1_5643414387 (GOLD) [87 this run]
2026-09-22 23:22:06,324 INFO laneforge.ingest.crawl: fetched NA1_5643396031 (GOLD) [88 this run]
2026-09-22 23:22:07,195 INFO laneforge.ingest.crawl: fetched NA1_5643259154 (GOLD) [89 this run]
2026-09-22 23:22:08,111 INFO laneforge.ingest.crawl: fetched NA1_5642804607 (GOLD) [90 this run]
2026-09-22 23:22:09,210 INFO laneforge.ingest.crawl: fetched NA1_5642222650 (GOLD) [91 this run]
2026-09-22 23:22:10,294 INFO laneforge.ingest.crawl: fetched NA1_5642199401 (GOLD) [92 this run]
2026-09-22 23:22:11,506 INFO laneforge.ingest.crawl: fetched NA1_5641582914 (GOLD) [93 this run]
2026-09-22 23:22:12,406 INFO laneforge.ingest.crawl: fetched NA1_5641464352 (GOLD) [94 this run]
2026-09-22 23:22:13,101 INFO laneforge.ingest.crawl: fetched NA1_5641441692 (GOLD) [95 this run]
2026-09-22 23:22:13,282 INFO laneforge.ingest.crawl: reject NA1_5641449819 before timeline: early_surrender: remake
2026-09-22 23:22:14,033 INFO laneforge.ingest.crawl: fetched NA1_5641427147 (GOLD) [96 this run]
2026-09-22 23:22:14,278 INFO laneforge.ingest.crawl: reject NA1_5641412019 before timeline: too_short: 926s < 960s
2026-09-22 23:22:14,420 INFO laneforge.ingest.crawl: seed 4QqrcxTBfEIZ (GOLD IV): 0 match ids
2026-09-22 23:22:14,532 INFO laneforge.ingest.crawl: seed buSP3f4BkEYG (GOLD IV): 0 match ids
2026-09-22 23:22:14,681 INFO laneforge.ingest.crawl: seed Kye7kmmB6A5L (GOLD IV): 0 match ids
2026-09-22 23:22:14,817 INFO laneforge.ingest.crawl: seed oOxeTeM26EeW (GOLD IV): 0 match ids
2026-09-22 23:22:14,972 INFO laneforge.ingest.crawl: seed N_jo0wbC25Xt (GOLD IV): 0 match ids
2026-09-22 23:22:15,193 INFO laneforge.ingest.crawl: seed 7fJvDc9lVeEt (GOLD IV): 0 match ids
2026-09-22 23:22:15,319 INFO laneforge.ingest.crawl: seed znxF0He7up1Y (GOLD IV): 0 match ids
2026-09-22 23:22:15,431 INFO laneforge.ingest.crawl: seed sUmv536EbakC (GOLD IV): 25 match ids
2026-09-22 23:22:16,382 INFO laneforge.ingest.crawl: fetched NA1_5642260191 (GOLD) [97 this run]
2026-09-22 23:22:17,584 INFO laneforge.ingest.crawl: fetched NA1_5641451240 (GOLD) [98 this run]
2026-09-22 23:22:18,407 INFO laneforge.ingest.crawl: fetched NA1_5641435342 (GOLD) [99 this run]
2026-09-22 23:22:19,212 INFO laneforge.ingest.crawl: fetched NA1_5641419830 (GOLD) [100 this run]
2026-09-22 23:22:19,508 INFO laneforge.ingest.crawl: reject NA1_5640048702 before timeline: too_short: 776s < 960s
2026-09-22 23:22:20,275 INFO laneforge.ingest.crawl: fetched NA1_5640040809 (GOLD) [101 this run]
2026-09-22 23:22:21,014 INFO laneforge.ingest.crawl: fetched NA1_5639913883 (GOLD) [102 this run]
2026-09-22 23:22:21,916 INFO laneforge.ingest.crawl: fetched NA1_5639902546 (GOLD) [103 this run]
2026-09-22 23:22:22,701 INFO laneforge.ingest.crawl: fetched NA1_5639892211 (GOLD) [104 this run]
2026-09-22 23:22:23,362 INFO laneforge.ingest.crawl: fetched NA1_5639889660 (GOLD) [105 this run]
2026-09-22 23:22:24,500 INFO laneforge.ingest.crawl: fetched NA1_5639879838 (GOLD) [106 this run]
2026-09-22 23:22:29,226 INFO laneforge.ingest.crawl: fetched NA1_5639871123 (GOLD) [107 this run]
2026-09-22 23:22:30,500 INFO laneforge.ingest.crawl: fetched NA1_5639477169 (GOLD) [108 this run]
2026-09-22 23:22:31,396 INFO laneforge.ingest.crawl: fetched NA1_5639446679 (GOLD) [109 this run]
2026-09-22 23:22:32,108 INFO laneforge.ingest.crawl: fetched NA1_5639384686 (GOLD) [110 this run]
2026-09-22 23:22:32,466 INFO laneforge.ingest.crawl: reject NA1_5639257004 before timeline: wrong_patch: gameVersion 16.17.810.4348 is not patch 16.18
2026-09-22 23:22:32,659 INFO laneforge.ingest.crawl: reject NA1_5639251045 before timeline: wrong_patch: gameVersion 16.17.810.4348 is not patch 16.18
2026-09-22 23:22:32,944 INFO laneforge.ingest.crawl: reject NA1_5638728497 before timeline: wrong_patch: gameVersion 16.17.810.4348 is not patch 16.18
2026-09-22 23:22:33,143 INFO laneforge.ingest.crawl: reject NA1_5638719232 before timeline: wrong_patch: gameVersion 16.17.810.4348 is not patch 16.18
2026-09-22 23:22:33,352 INFO laneforge.ingest.crawl: reject NA1_5638707532 before timeline: wrong_patch: gameVersion 16.17.810.4348 is not patch 16.18
2026-09-22 23:22:33,592 INFO laneforge.ingest.crawl: reject NA1_5638703965 before timeline: wrong_patch: gameVersion 16.17.810.4348 is not patch 16.18
2026-09-22 23:22:33,838 INFO laneforge.ingest.crawl: reject NA1_5638686757 before timeline: wrong_patch: gameVersion 16.17.810.4348 is not patch 16.18
2026-09-22 23:22:34,256 INFO laneforge.ingest.crawl: reject NA1_5638671455 before timeline: wrong_patch: gameVersion 16.17.810.4348 is not patch 16.18
2026-09-22 23:22:34,471 INFO laneforge.ingest.crawl: reject NA1_5638673099 before timeline: wrong_patch: gameVersion 16.17.810.4348 is not patch 16.18
2026-09-22 23:22:34,721 INFO laneforge.ingest.crawl: reject NA1_5638663313 before timeline: wrong_patch: gameVersion 16.17.810.4348 is not patch 16.18
2026-09-22 23:22:34,868 INFO laneforge.ingest.crawl: seed Ll9mjIcPmix_ (GOLD IV): 0 match ids
2026-09-22 23:22:35,014 INFO laneforge.ingest.crawl: seed aMt7Jonr3ZEp (GOLD IV): 0 match ids
2026-09-22 23:22:35,173 INFO laneforge.ingest.crawl: seed P3stgb-NKXPu (GOLD IV): 0 match ids
2026-09-22 23:22:35,300 INFO laneforge.ingest.crawl: seed gxplgnfKaOhN (GOLD IV): 6 match ids
2026-09-22 23:22:36,004 INFO laneforge.ingest.crawl: fetched NA1_5644080504 (GOLD) [111 this run]
2026-09-22 23:22:36,642 INFO laneforge.ingest.crawl: fetched NA1_5642046039 (GOLD) [112 this run]
2026-09-22 23:22:37,605 INFO laneforge.ingest.crawl: fetched NA1_5641716591 (GOLD) [113 this run]
2026-09-22 23:22:38,414 INFO laneforge.ingest.crawl: fetched NA1_5641685869 (GOLD) [114 this run]
2026-09-22 23:22:39,129 INFO laneforge.ingest.crawl: fetched NA1_5641584954 (GOLD) [115 this run]
2026-09-22 23:22:39,320 INFO laneforge.ingest.crawl: reject NA1_5638749345 before timeline: wrong_patch: gameVersion 16.17.810.4348 is not patch 16.18
2026-09-22 23:22:39,458 INFO laneforge.ingest.crawl: seed 0abEuHQ34i0Q (GOLD IV): 0 match ids
2026-09-22 23:22:39,585 INFO laneforge.ingest.crawl: seed qykseGf0vBcU (GOLD IV): 0 match ids
2026-09-22 23:22:39,704 INFO laneforge.ingest.crawl: seed sUoHE3TeIp-4 (GOLD IV): 0 match ids
2026-09-22 23:22:39,836 INFO laneforge.ingest.crawl: seed H3ViSTJ7YgHN (GOLD IV): 6 match ids
2026-09-22 23:23:59,045 WARNING laneforge.ingest.ratelimit: 429 from Riot; sleeping 1.0s (Retry-After)
2026-09-22 23:24:00,816 INFO laneforge.ingest.crawl: fetched NA1_5646696118 (GOLD) [116 this run]
2026-09-22 23:24:01,761 INFO laneforge.ingest.crawl: fetched NA1_5646221099 (GOLD) [117 this run]
2026-09-22 23:24:02,763 INFO laneforge.ingest.crawl: fetched NA1_5642263639 (GOLD) [118 this run]
2026-09-22 23:24:03,667 INFO laneforge.ingest.crawl: fetched NA1_5641544519 (GOLD) [119 this run]
2026-09-22 23:24:04,423 INFO laneforge.ingest.crawl: fetched NA1_5641036122 (GOLD) [120 this run]
2026-09-22 23:24:05,338 INFO laneforge.ingest.crawl: fetched NA1_5640192766 (GOLD) [121 this run]
2026-09-22 23:24:05,461 INFO laneforge.ingest.crawl: seed SykKRiyMCx4T (GOLD IV): 0 match ids
2026-09-22 23:24:05,630 INFO laneforge.ingest.crawl: seed A3JiyRi3yrXS (GOLD IV): 0 match ids
2026-09-22 23:24:05,872 INFO laneforge.ingest.crawl: seed O2glUDMJR6qm (GOLD IV): 0 match ids
2026-09-22 23:24:06,470 INFO laneforge.ingest.crawl: seed jPKmzzUvJpJf (GOLD IV): 0 match ids
2026-09-22 23:24:06,666 INFO laneforge.ingest.crawl: seed rOAdiCjj36xf (GOLD IV): 18 match ids
2026-09-22 23:24:08,110 INFO laneforge.ingest.crawl: fetched NA1_5646227055 (GOLD) [122 this run]
2026-09-22 23:24:09,043 INFO laneforge.ingest.crawl: fetched NA1_5646197880 (GOLD) [123 this run]
2026-09-22 23:24:10,284 INFO laneforge.ingest.crawl: fetched NA1_5646053986 (GOLD) [124 this run]
2026-09-22 23:24:11,096 INFO laneforge.ingest.crawl: fetched NA1_5645920986 (GOLD) [125 this run]
2026-09-22 23:24:12,085 INFO laneforge.ingest.crawl: fetched NA1_5645882794 (GOLD) [126 this run]
2026-09-22 23:24:13,133 INFO laneforge.ingest.crawl: fetched NA1_5645634420 (GOLD) [127 this run]
2026-09-22 23:24:14,115 INFO laneforge.ingest.crawl: fetched NA1_5645633869 (GOLD) [128 this run]
2026-09-22 23:24:14,307 INFO laneforge.ingest.crawl: reject NA1_5645617482 before timeline: too_short: 939s < 960s
2026-09-22 23:24:15,127 INFO laneforge.ingest.crawl: fetched NA1_5645609609 (GOLD) [129 this run]
2026-09-22 23:24:16,101 INFO laneforge.ingest.crawl: fetched NA1_5645593485 (GOLD) [130 this run]
2026-09-22 23:24:16,822 INFO laneforge.ingest.crawl: fetched NA1_5645575635 (GOLD) [131 this run]
2026-09-22 23:24:17,586 INFO laneforge.ingest.crawl: fetched NA1_5645565008 (GOLD) [132 this run]
2026-09-22 23:24:18,431 INFO laneforge.ingest.crawl: fetched NA1_5645532159 (GOLD) [133 this run]
2026-09-22 23:24:19,254 INFO laneforge.ingest.crawl: fetched NA1_5645505481 (GOLD) [134 this run]
2026-09-22 23:24:20,248 INFO laneforge.ingest.crawl: fetched NA1_5640426164 (GOLD) [135 this run]
2026-09-22 23:24:21,012 INFO laneforge.ingest.crawl: fetched NA1_5640388833 (GOLD) [136 this run]
2026-09-22 23:24:21,275 INFO laneforge.ingest.crawl: reject NA1_5640364410 before timeline: too_short: 914s < 960s
2026-09-22 23:24:22,152 INFO laneforge.ingest.crawl: fetched NA1_5640329352 (GOLD) [137 this run]
2026-09-22 23:24:22,265 INFO laneforge.ingest.crawl: seed n0K_VhDNDgHa (GOLD IV): 0 match ids
2026-09-22 23:24:22,384 INFO laneforge.ingest.crawl: seed cCe_3gPqAlEb (GOLD IV): 0 match ids
2026-09-22 23:24:22,512 INFO laneforge.ingest.crawl: seed cy62eVwp6IDF (GOLD IV): 0 match ids
2026-09-22 23:24:22,665 INFO laneforge.ingest.crawl: seed a_K_AFRedWac (GOLD IV): 18 match ids
2026-09-22 23:24:23,560 INFO laneforge.ingest.crawl: fetched NA1_5646731970 (GOLD) [138 this run]
2026-09-22 23:24:24,442 INFO laneforge.ingest.crawl: fetched NA1_5646052352 (GOLD) [139 this run]
2026-09-22 23:24:25,131 INFO laneforge.ingest.crawl: fetched NA1_5645822598 (GOLD) [140 this run]
2026-09-22 23:24:26,059 INFO laneforge.ingest.crawl: fetched NA1_5645766704 (GOLD) [141 this run]
2026-09-22 23:24:29,964 INFO laneforge.ingest.crawl: fetched NA1_5645756112 (GOLD) [142 this run]
2026-09-22 23:24:30,977 INFO laneforge.ingest.crawl: fetched NA1_5645747019 (GOLD) [143 this run]
2026-09-22 23:24:32,072 INFO laneforge.ingest.crawl: fetched NA1_5645486754 (GOLD) [144 this run]
2026-09-22 23:24:32,905 INFO laneforge.ingest.crawl: fetched NA1_5645451145 (GOLD) [145 this run]
2026-09-22 23:24:33,729 INFO laneforge.ingest.crawl: fetched NA1_5645418187 (GOLD) [146 this run]
2026-09-22 23:24:34,856 INFO laneforge.ingest.crawl: fetched NA1_5644219528 (GOLD) [147 this run]
2026-09-22 23:24:35,574 INFO laneforge.ingest.crawl: fetched NA1_5644194505 (GOLD) [148 this run]
2026-09-22 23:24:36,509 INFO laneforge.ingest.crawl: fetched NA1_5644172035 (GOLD) [149 this run]
2026-09-22 23:24:37,311 INFO laneforge.ingest.crawl: fetched NA1_5643568123 (GOLD) [150 this run]
2026-09-22 23:24:38,196 INFO laneforge.ingest.crawl: fetched NA1_5642333744 (GOLD) [151 this run]
2026-09-22 23:24:39,129 INFO laneforge.ingest.crawl: fetched NA1_5642301018 (GOLD) [152 this run]
2026-09-22 23:24:39,894 INFO laneforge.ingest.crawl: fetched NA1_5641720067 (GOLD) [153 this run]
2026-09-22 23:24:40,913 INFO laneforge.ingest.crawl: fetched NA1_5641683873 (GOLD) [154 this run]
2026-09-22 23:24:41,687 INFO laneforge.ingest.crawl: fetched NA1_5641647259 (GOLD) [155 this run]
2026-09-22 23:24:41,814 INFO laneforge.ingest.crawl: seed _5uKpM91dxSB (GOLD IV): 10 match ids
2026-09-22 23:24:42,595 INFO laneforge.ingest.crawl: fetched NA1_5641716856 (GOLD) [156 this run]
2026-09-22 23:24:43,660 INFO laneforge.ingest.crawl: fetched NA1_5641672086 (GOLD) [157 this run]
2026-09-22 23:24:43,891 INFO laneforge.ingest.crawl: reject NA1_5639094839 before timeline: wrong_patch: gameVersion 16.17.810.4348 is not patch 16.18
2026-09-22 23:24:44,078 INFO laneforge.ingest.crawl: reject NA1_5638646499 before timeline: wrong_patch: gameVersion 16.17.810.4348 is not patch 16.18
2026-09-22 23:24:44,271 INFO laneforge.ingest.crawl: reject NA1_5638640379 before timeline: wrong_patch: gameVersion 16.17.810.4348 is not patch 16.18
2026-09-22 23:25:59,179 INFO laneforge.ingest.crawl: reject NA1_5638627307 before timeline: wrong_patch: gameVersion 16.17.810.4348 is not patch 16.18
2026-09-22 23:26:00,248 INFO laneforge.ingest.crawl: reject NA1_5638621958 before timeline: wrong_patch: gameVersion 16.17.810.4348 is not patch 16.18
2026-09-22 23:26:00,464 INFO laneforge.ingest.crawl: reject NA1_5638603169 before timeline: wrong_patch: gameVersion 16.17.810.4348 is not patch 16.18
2026-09-22 23:26:01,074 INFO laneforge.ingest.crawl: reject NA1_5638579717 before timeline: wrong_patch: gameVersion 16.17.810.4348 is not patch 16.18
2026-09-22 23:26:01,470 INFO laneforge.ingest.crawl: reject NA1_5638571848 before timeline: wrong_patch: gameVersion 16.17.810.4348 is not patch 16.18
2026-09-22 23:26:01,883 INFO laneforge.ingest.crawl: seed VNZ_24ik_ywd (GOLD IV): 8 match ids
2026-09-22 23:26:03,366 INFO laneforge.ingest.crawl: fetched NA1_5643340312 (GOLD) [158 this run]
2026-09-22 23:26:04,151 INFO laneforge.ingest.crawl: fetched NA1_5643329968 (GOLD) [159 this run]
2026-09-22 23:26:04,989 INFO laneforge.ingest.crawl: fetched NA1_5640090059 (GOLD) [160 this run]
2026-09-22 23:26:05,925 INFO laneforge.ingest.crawl: fetched NA1_5640074835 (GOLD) [161 this run]
2026-09-22 23:26:06,557 INFO laneforge.ingest.crawl: fetched NA1_5640066771 (GOLD) [162 this run]
2026-09-22 23:26:06,745 INFO laneforge.ingest.crawl: reject NA1_5640052554 before timeline: too_short: 228s < 960s
2026-09-22 23:26:07,758 INFO laneforge.ingest.crawl: fetched NA1_5639524611 (GOLD) [163 this run]
2026-09-22 23:26:08,020 INFO laneforge.ingest.crawl: reject NA1_5638802481 before timeline: wrong_patch: gameVersion 16.17.810.4348 is not patch 16.18
2026-09-22 23:26:08,314 INFO laneforge.ingest.crawl: seed XhiJASDgwAg9 (GOLD IV): 0 match ids
2026-09-22 23:26:08,517 INFO laneforge.ingest.crawl: seed JLudBB5mDPdG (GOLD IV): 2 match ids
2026-09-22 23:26:10,222 INFO laneforge.ingest.crawl: fetched NA1_5645404237 (GOLD) [164 this run]
2026-09-22 23:26:11,062 INFO laneforge.ingest.crawl: fetched NA1_5645373086 (GOLD) [165 this run]
2026-09-22 23:26:11,627 INFO laneforge.ingest.crawl: seed fUr7C76IkBJq (GOLD IV): 35 match ids
2026-09-22 23:26:12,973 INFO laneforge.ingest.crawl: fetched NA1_5647189671 (GOLD) [166 this run]
2026-09-22 23:26:13,658 INFO laneforge.ingest.crawl: fetched NA1_5647164342 (GOLD) [167 this run]
2026-09-22 23:26:14,614 INFO laneforge.ingest.crawl: fetched NA1_5647151310 (GOLD) [168 this run]
2026-09-22 23:26:15,423 INFO laneforge.ingest.crawl: fetched NA1_5647117618 (GOLD) [169 this run]
2026-09-22 23:26:16,139 INFO laneforge.ingest.crawl: fetched NA1_5647109299 (GOLD) [170 this run]
2026-09-22 23:26:16,952 INFO laneforge.ingest.crawl: fetched NA1_5647037139 (GOLD) [171 this run]
2026-09-22 23:26:17,168 INFO laneforge.ingest.crawl: reject NA1_5647035123 before timeline: too_short: 315s < 960s
2026-09-22 23:26:18,143 INFO laneforge.ingest.crawl: fetched NA1_5645858801 (GOLD) [172 this run]
2026-09-22 23:26:19,019 INFO laneforge.ingest.crawl: fetched NA1_5645829178 (GOLD) [173 this run]
2026-09-22 23:26:19,807 INFO laneforge.ingest.crawl: fetched NA1_5645807749 (GOLD) [174 this run]
2026-09-22 23:26:20,827 INFO laneforge.ingest.crawl: fetched NA1_5645784206 (GOLD) [175 this run]
2026-09-22 23:26:21,094 INFO laneforge.ingest.crawl: reject NA1_5645783981 before timeline: early_surrender: remake
2026-09-22 23:26:21,837 INFO laneforge.ingest.crawl: fetched NA1_5644534570 (GOLD) [176 this run]
2026-09-22 23:26:22,583 INFO laneforge.ingest.crawl: fetched NA1_5644531235 (GOLD) [177 this run]
2026-09-22 23:26:23,362 INFO laneforge.ingest.crawl: fetched NA1_5644512209 (GOLD) [178 this run]
2026-09-22 23:26:24,199 INFO laneforge.ingest.crawl: fetched NA1_5644497969 (GOLD) [179 this run]
2026-09-22 23:26:24,980 INFO laneforge.ingest.crawl: fetched NA1_5644473421 (GOLD) [180 this run]
2026-09-22 23:26:25,659 INFO laneforge.ingest.crawl: fetched NA1_5644466231 (GOLD) [181 this run]
2026-09-22 23:26:26,428 INFO laneforge.ingest.crawl: fetched NA1_5644164356 (GOLD) [182 this run]
2026-09-22 23:26:27,522 INFO laneforge.ingest.crawl: fetched NA1_5644054227 (GOLD) [183 this run]
2026-09-22 23:26:30,585 INFO laneforge.ingest.crawl: fetched NA1_5643317910 (GOLD) [184 this run]
2026-09-22 23:26:30,740 INFO laneforge.ingest.crawl: reject NA1_5643305260 before timeline: too_short: 918s < 960s
2026-09-22 23:26:32,262 INFO laneforge.ingest.crawl: fetched NA1_5643292888 (GOLD) [185 this run]
2026-09-22 23:26:32,967 INFO laneforge.ingest.crawl: fetched NA1_5643082240 (GOLD) [186 this run]
2026-09-22 23:26:33,579 INFO laneforge.ingest.crawl: fetched NA1_5643068242 (GOLD) [187 this run]
2026-09-22 23:26:34,680 INFO laneforge.ingest.crawl: fetched NA1_5642874120 (GOLD) [188 this run]
2026-09-22 23:26:35,625 INFO laneforge.ingest.crawl: fetched NA1_5642752036 (GOLD) [189 this run]
2026-09-22 23:26:36,424 INFO laneforge.ingest.crawl: fetched NA1_5642717677 (GOLD) [190 this run]
2026-09-22 23:26:37,261 INFO laneforge.ingest.crawl: fetched NA1_5642297391 (GOLD) [191 this run]
2026-09-22 23:26:38,134 INFO laneforge.ingest.crawl: fetched NA1_5642278010 (GOLD) [192 this run]
2026-09-22 23:26:38,989 INFO laneforge.ingest.crawl: fetched NA1_5642254896 (GOLD) [193 this run]
2026-09-22 23:26:40,025 INFO laneforge.ingest.crawl: fetched NA1_5642221192 (GOLD) [194 this run]
2026-09-22 23:26:40,978 INFO laneforge.ingest.crawl: fetched NA1_5641712856 (GOLD) [195 this run]
2026-09-22 23:26:41,711 INFO laneforge.ingest.crawl: fetched NA1_5641674609 (GOLD) [196 this run]
2026-09-22 23:26:42,411 INFO laneforge.ingest.crawl: fetched NA1_5641655615 (GOLD) [197 this run]
2026-09-22 23:26:42,544 INFO laneforge.ingest.crawl: seed yNSNHUkmIqac (GOLD IV): 0 match ids
2026-09-22 23:26:42,734 INFO laneforge.ingest.crawl: seed Ksym396Kz4lp (GOLD IV): 41 match ids
2026-09-22 23:26:44,227 INFO laneforge.ingest.crawl: fetched NA1_5646744889 (GOLD) [198 this run]
2026-09-22 23:26:45,030 INFO laneforge.ingest.crawl: fetched NA1_5646713240 (GOLD) [199 this run]
2026-09-22 23:28:00,663 INFO laneforge.ingest.crawl: fetched NA1_5646685890 (GOLD) [200 this run]
2026-09-22 23:28:01,474 INFO laneforge.ingest.crawl: fetched NA1_5646656132 (GOLD) [201 this run]
2026-09-22 23:28:02,331 INFO laneforge.ingest.crawl: fetched NA1_5645833166 (GOLD) [202 this run]
2026-09-22 23:28:03,432 INFO laneforge.ingest.crawl: fetched NA1_5645815975 (GOLD) [203 this run]
2026-09-22 23:28:03,641 INFO laneforge.ingest.crawl: reject NA1_5645806487 before timeline: too_short: 252s < 960s
2026-09-22 23:28:04,775 INFO laneforge.ingest.crawl: fetched NA1_5645522630 (GOLD) [204 this run]
2026-09-22 23:28:04,934 INFO laneforge.ingest.crawl: reject NA1_5645514946 before timeline: too_short: 938s < 960s
2026-09-22 23:28:05,183 INFO laneforge.ingest.crawl: reject NA1_5645500191 before timeline: early_surrender: remake
2026-09-22 23:28:06,547 INFO laneforge.ingest.crawl: fetched NA1_5645468199 (GOLD) [205 this run]
2026-09-22 23:28:07,490 INFO laneforge.ingest.crawl: fetched NA1_5645426536 (GOLD) [206 this run]
2026-09-22 23:28:08,368 INFO laneforge.ingest.crawl: fetched NA1_5645390429 (GOLD) [207 this run]
2026-09-22 23:28:08,572 INFO laneforge.ingest.crawl: reject NA1_5644881858 before timeline: too_short: 944s < 960s
2026-09-22 23:28:09,263 INFO laneforge.ingest.crawl: fetched NA1_5644853410 (GOLD) [208 this run]
2026-09-22 23:28:10,279 INFO laneforge.ingest.crawl: fetched NA1_5644832992 (GOLD) [209 this run]
2026-09-22 23:28:11,183 INFO laneforge.ingest.crawl: fetched NA1_5644794427 (GOLD) [210 this run]
2026-09-22 23:28:12,423 INFO laneforge.ingest.crawl: fetched NA1_5644762311 (GOLD) [211 this run]
2026-09-22 23:28:13,646 INFO laneforge.ingest.crawl: fetched NA1_5644736763 (GOLD) [212 this run]
2026-09-22 23:28:14,429 INFO laneforge.ingest.crawl: fetched NA1_5644701252 (GOLD) [213 this run]
2026-09-22 23:28:15,164 INFO laneforge.ingest.crawl: fetched NA1_5644678181 (GOLD) [214 this run]
2026-09-22 23:28:16,007 INFO laneforge.ingest.crawl: fetched NA1_5644648313 (GOLD) [215 this run]
2026-09-22 23:28:16,864 INFO laneforge.ingest.crawl: fetched NA1_5644621430 (GOLD) [216 this run]
2026-09-22 23:28:17,638 INFO laneforge.ingest.crawl: fetched NA1_5644598082 (GOLD) [217 this run]
2026-09-22 23:28:18,369 INFO laneforge.ingest.crawl: fetched NA1_5644578130 (GOLD) [218 this run]
2026-09-22 23:28:19,178 INFO laneforge.ingest.crawl: fetched NA1_5643669771 (GOLD) [219 this run]
2026-09-22 23:28:20,061 INFO laneforge.ingest.crawl: fetched NA1_5643635798 (GOLD) [220 this run]
2026-09-22 23:28:20,872 INFO laneforge.ingest.crawl: fetched NA1_5643596729 (GOLD) [221 this run]
2026-09-22 23:28:21,780 INFO laneforge.ingest.crawl: fetched NA1_5643071980 (GOLD) [222 this run]
2026-09-22 23:28:22,605 INFO laneforge.ingest.crawl: fetched NA1_5643034178 (GOLD) [223 this run]
2026-09-22 23:28:23,345 INFO laneforge.ingest.crawl: fetched NA1_5642320575 (GOLD) [224 this run]
2026-09-22 23:28:24,126 INFO laneforge.ingest.crawl: fetched NA1_5642292212 (GOLD) [225 this run]
2026-09-22 23:28:25,065 INFO laneforge.ingest.crawl: fetched NA1_5642261203 (GOLD) [226 this run]
2026-09-22 23:28:26,058 INFO laneforge.ingest.crawl: fetched NA1_5641883886 (GOLD) [227 this run]
2026-09-22 23:28:27,038 INFO laneforge.ingest.crawl: fetched NA1_5641851683 (GOLD) [228 this run]
2026-09-22 23:28:27,847 INFO laneforge.ingest.crawl: fetched NA1_5641836250 (GOLD) [229 this run]
2026-09-22 23:28:29,830 INFO laneforge.ingest.crawl: fetched NA1_5641812766 (GOLD) [230 this run]
2026-09-22 23:28:31,146 INFO laneforge.ingest.crawl: fetched NA1_5641768482 (GOLD) [231 this run]
2026-09-22 23:28:31,399 INFO laneforge.ingest.crawl: reject NA1_5638393328 before timeline: wrong_patch: gameVersion 16.17.810.4348 is not patch 16.18
2026-09-22 23:28:31,612 INFO laneforge.ingest.crawl: reject NA1_5638355607 before timeline: wrong_patch: gameVersion 16.17.810.4348 is not patch 16.18
2026-09-22 23:28:32,474 INFO laneforge.ingest.crawl: reject NA1_5638330264 before timeline: wrong_patch: gameVersion 16.17.810.4348 is not patch 16.18
2026-09-22 23:28:32,644 INFO laneforge.ingest.crawl: seed AKLnYThsPAXP (GOLD IV): 0 match ids
2026-09-22 23:28:33,097 INFO laneforge.ingest.crawl: seed a5q5BvHNbsMi (GOLD IV): 0 match ids
2026-09-22 23:28:33,408 INFO laneforge.ingest.crawl: seed 0q6LV9T9-1Sc (GOLD IV): 2 match ids
2026-09-22 23:28:34,787 INFO laneforge.ingest.crawl: fetched NA1_5644825778 (GOLD) [232 this run]
2026-09-22 23:28:35,807 INFO laneforge.ingest.crawl: fetched NA1_5644778351 (GOLD) [233 this run]
2026-09-22 23:28:35,943 INFO laneforge.ingest.crawl: seed Y1vZe2NbJ8BD (GOLD IV): 26 match ids
2026-09-22 23:28:37,105 INFO laneforge.ingest.crawl: fetched NA1_5642869777 (GOLD) [234 this run]
2026-09-22 23:28:38,144 INFO laneforge.ingest.crawl: fetched NA1_5642062572 (GOLD) [235 this run]
2026-09-22 23:28:38,338 INFO laneforge.ingest.crawl: reject NA1_5642069772 before timeline: too_short: 77s < 960s
2026-09-22 23:28:39,119 INFO laneforge.ingest.crawl: fetched NA1_5641793500 (GOLD) [236 this run]
2026-09-22 23:28:39,994 INFO laneforge.ingest.crawl: fetched NA1_5641752873 (GOLD) [237 this run]
2026-09-22 23:28:40,828 INFO laneforge.ingest.crawl: fetched NA1_5641305578 (GOLD) [238 this run]
2026-09-22 23:28:41,824 INFO laneforge.ingest.crawl: fetched NA1_5641140267 (GOLD) [239 this run]
2026-09-22 23:28:42,669 INFO laneforge.ingest.crawl: fetched NA1_5641117763 (GOLD) [240 this run]
2026-09-22 23:28:43,442 INFO laneforge.ingest.crawl: fetched NA1_5641075359 (GOLD) [241 this run]
2026-09-22 23:28:44,244 INFO laneforge.ingest.crawl: fetched NA1_5641043316 (GOLD) [242 this run]
2026-09-22 23:28:45,233 INFO laneforge.ingest.crawl: fetched NA1_5640669945 (GOLD) [243 this run]
2026-09-22 23:30:00,681 INFO laneforge.ingest.crawl: fetched NA1_5640654942 (GOLD) [244 this run]
2026-09-22 23:30:01,486 INFO laneforge.ingest.crawl: fetched NA1_5640641957 (GOLD) [245 this run]
2026-09-22 23:30:02,399 INFO laneforge.ingest.crawl: fetched NA1_5640622645 (GOLD) [246 this run]
2026-09-22 23:30:03,412 INFO laneforge.ingest.crawl: fetched NA1_5640602640 (GOLD) [247 this run]
2026-09-22 23:30:04,401 INFO laneforge.ingest.crawl: fetched NA1_5640318354 (GOLD) [248 this run]
2026-09-22 23:30:04,606 INFO laneforge.ingest.crawl: reject NA1_5640321882 before timeline: early_surrender: remake
2026-09-22 23:30:05,716 INFO laneforge.ingest.crawl: fetched NA1_5639967322 (GOLD) [249 this run]
2026-09-22 23:30:06,551 INFO laneforge.ingest.crawl: fetched NA1_5639532939 (GOLD) [250 this run]
2026-09-22 23:30:07,538 INFO laneforge.ingest.crawl: fetched NA1_5639459134 (GOLD) [251 this run]
2026-09-22 23:30:08,407 INFO laneforge.ingest.crawl: fetched NA1_5639366119 (GOLD) [252 this run]
2026-09-22 23:30:09,236 INFO laneforge.ingest.crawl: fetched NA1_5639350819 (GOLD) [253 this run]
2026-09-22 23:30:09,422 INFO laneforge.ingest.crawl: reject NA1_5639339626 before timeline: early_surrender: remake
2026-09-22 23:30:10,310 INFO laneforge.ingest.crawl: fetched NA1_5639347974 (GOLD) [254 this run]
2026-09-22 23:30:10,529 INFO laneforge.ingest.crawl: reject NA1_5638413454 before timeline: wrong_patch: gameVersion 16.17.810.4348 is not patch 16.18
2026-09-22 23:30:10,837 INFO laneforge.ingest.crawl: reject NA1_5638374211 before timeline: wrong_patch: gameVersion 16.17.810.4348 is not patch 16.18
2026-09-22 23:30:11,659 INFO laneforge.ingest.crawl: seed iCipTnMVkYCP (GOLD IV): 0 match ids
2026-09-22 23:30:11,867 INFO laneforge.ingest.crawl: seed 9pwsYYpu38tM (GOLD IV): 5 match ids
2026-09-22 23:30:13,583 INFO laneforge.ingest.crawl: fetched NA1_5643507587 (GOLD) [255 this run]
2026-09-22 23:30:14,522 INFO laneforge.ingest.crawl: fetched NA1_5642934702 (GOLD) [256 this run]
2026-09-22 23:30:15,247 INFO laneforge.ingest.crawl: fetched NA1_5642903239 (GOLD) [257 this run]
2026-09-22 23:30:16,022 INFO laneforge.ingest.crawl: fetched NA1_5642790380 (GOLD) [258 this run]
2026-09-22 23:30:16,893 INFO laneforge.ingest.crawl: fetched NA1_5642758964 (GOLD) [259 this run]
2026-09-22 23:30:17,016 INFO laneforge.ingest.crawl: seed 28n8qYiL3LXA (GOLD IV): 0 match ids
2026-09-22 23:30:17,215 INFO laneforge.ingest.crawl: seed aurKIzcCAsCh (GOLD IV): 0 match ids
2026-09-22 23:30:17,779 INFO laneforge.ingest.crawl: seed _oPckVR_8z93 (GOLD IV): 25 match ids
2026-09-22 23:30:18,978 INFO laneforge.ingest.crawl: fetched NA1_5645794861 (GOLD) [260 this run]
2026-09-22 23:30:19,809 INFO laneforge.ingest.crawl: fetched NA1_5645769442 (GOLD) [261 this run]
2026-09-22 23:30:20,655 INFO laneforge.ingest.crawl: fetched NA1_5643977378 (GOLD) [262 this run]
2026-09-22 23:30:21,434 INFO laneforge.ingest.crawl: fetched NA1_5643438071 (GOLD) [263 this run]
2026-09-22 23:30:22,397 INFO laneforge.ingest.crawl: fetched NA1_5643403013 (GOLD) [264 this run]
2026-09-22 23:30:23,237 INFO laneforge.ingest.crawl: fetched NA1_5642286023 (GOLD) [265 this run]
2026-09-22 23:30:24,144 INFO laneforge.ingest.crawl: fetched NA1_5642250432 (GOLD) [266 this run]
2026-09-22 23:30:24,838 INFO laneforge.ingest.crawl: fetched NA1_5642233969 (GOLD) [267 this run]
2026-09-22 23:30:25,655 INFO laneforge.ingest.crawl: fetched NA1_5642204616 (GOLD) [268 this run]
2026-09-22 23:30:26,693 INFO laneforge.ingest.crawl: fetched NA1_5641666711 (GOLD) [269 this run]
2026-09-22 23:30:27,586 INFO laneforge.ingest.crawl: fetched NA1_5641566605 (GOLD) [270 this run]
2026-09-22 23:30:27,782 INFO laneforge.ingest.crawl: reject NA1_5641489825 before timeline: too_short: 918s < 960s
2026-09-22 23:30:29,907 INFO laneforge.ingest.crawl: fetched NA1_5641440499 (GOLD) [271 this run]
2026-09-22 23:30:31,248 INFO laneforge.ingest.crawl: fetched NA1_5641411711 (GOLD) [272 this run]
2026-09-22 23:30:31,969 INFO laneforge.ingest.crawl: fetched NA1_5641347863 (GOLD) [273 this run]
2026-09-22 23:30:33,069 INFO laneforge.ingest.crawl: fetched NA1_5640881788 (GOLD) [274 this run]
2026-09-22 23:30:33,886 INFO laneforge.ingest.crawl: fetched NA1_5640855061 (GOLD) [275 this run]
2026-09-22 23:30:34,917 INFO laneforge.ingest.crawl: fetched NA1_5640136088 (GOLD) [276 this run]
2026-09-22 23:30:35,844 INFO laneforge.ingest.crawl: fetched NA1_5640110721 (GOLD) [277 this run]
2026-09-22 23:30:36,639 INFO laneforge.ingest.crawl: fetched NA1_5640067290 (GOLD) [278 this run]
2026-09-22 23:30:37,648 INFO laneforge.ingest.crawl: fetched NA1_5639539803 (GOLD) [279 this run]
2026-09-22 23:30:38,007 INFO laneforge.ingest.crawl: reject NA1_5638936668 before timeline: wrong_patch: gameVersion 16.17.810.4348 is not patch 16.18
2026-09-22 23:30:38,365 INFO laneforge.ingest.crawl: reject NA1_5638876140 before timeline: wrong_patch: gameVersion 16.17.810.4348 is not patch 16.18
2026-09-22 23:30:38,667 INFO laneforge.ingest.crawl: reject NA1_5638335096 before timeline: wrong_patch: gameVersion 16.17.810.4348 is not patch 16.18
2026-09-22 23:30:38,949 INFO laneforge.ingest.crawl: reject NA1_5638289090 before timeline: wrong_patch: gameVersion 16.17.810.4348 is not patch 16.18
2026-09-22 23:30:39,273 INFO laneforge.ingest.crawl: seed _c0aJcNCxAqy (GOLD IV): 0 match ids
2026-09-22 23:30:39,517 INFO laneforge.ingest.crawl: seed y6QJTI5hHzdO (GOLD IV): 25 match ids
2026-09-22 23:30:40,792 INFO laneforge.ingest.crawl: fetched NA1_5643349004 (GOLD) [280 this run]
2026-09-22 23:30:41,939 INFO laneforge.ingest.crawl: fetched NA1_5643053894 (GOLD) [281 this run]
2026-09-22 23:30:42,122 INFO laneforge.ingest.crawl: reject NA1_5643029639 before timeline: too_short: 928s < 960s
2026-09-22 23:30:43,245 INFO laneforge.ingest.crawl: fetched NA1_5643006312 (GOLD) [282 this run]
2026-09-22 23:30:43,963 INFO laneforge.ingest.crawl: fetched NA1_5642480489 (GOLD) [283 this run]
2026-09-22 23:30:44,893 INFO laneforge.ingest.crawl: fetched NA1_5642462746 (GOLD) [284 this run]
2026-09-22 23:31:59,538 INFO laneforge.ingest.crawl: fetched NA1_5642424684 (GOLD) [285 this run]
2026-09-22 23:32:01,229 INFO laneforge.ingest.crawl: fetched NA1_5642406277 (GOLD) [286 this run]
2026-09-22 23:32:02,053 INFO laneforge.ingest.crawl: fetched NA1_5642374977 (GOLD) [287 this run]
2026-09-22 23:32:03,027 INFO laneforge.ingest.crawl: fetched NA1_5642099274 (GOLD) [288 this run]
2026-09-22 23:32:04,114 INFO laneforge.ingest.crawl: fetched NA1_5641893941 (GOLD) [289 this run]
2026-09-22 23:32:05,011 INFO laneforge.ingest.crawl: fetched NA1_5641566377 (GOLD) [290 this run]
2026-09-22 23:32:05,831 INFO laneforge.ingest.crawl: fetched NA1_5641217896 (GOLD) [291 this run]
2026-09-22 23:32:06,531 INFO laneforge.ingest.crawl: fetched NA1_5640953947 (GOLD) [292 this run]
2026-09-22 23:32:07,444 INFO laneforge.ingest.crawl: fetched NA1_5640846209 (GOLD) [293 this run]
2026-09-22 23:32:08,417 INFO laneforge.ingest.crawl: fetched NA1_5640804578 (GOLD) [294 this run]
2026-09-22 23:32:09,231 INFO laneforge.ingest.crawl: fetched NA1_5640727620 (GOLD) [295 this run]
2026-09-22 23:32:10,089 INFO laneforge.ingest.crawl: fetched NA1_5640189519 (GOLD) [296 this run]
2026-09-22 23:32:10,907 INFO laneforge.ingest.crawl: fetched NA1_5640132595 (GOLD) [297 this run]
2026-09-22 23:32:12,155 INFO laneforge.ingest.crawl: fetched NA1_5640110161 (GOLD) [298 this run]
2026-09-22 23:32:13,038 INFO laneforge.ingest.crawl: fetched NA1_5640057670 (GOLD) [299 this run]
2026-09-22 23:32:14,176 INFO laneforge.ingest.crawl: fetched NA1_5640043950 (GOLD) [300 this run]
2026-09-22 23:32:15,073 INFO laneforge.ingest.crawl: fetched NA1_5640027791 (GOLD) [301 this run]
2026-09-22 23:32:15,285 INFO laneforge.ingest.crawl: reject NA1_5640019446 before timeline: early_surrender: remake
2026-09-22 23:32:16,030 INFO laneforge.ingest.crawl: fetched NA1_5639541305 (GOLD) [302 this run]
2026-09-22 23:32:16,147 INFO laneforge.ingest.crawl: seed mXJYmgLHDiVN (GOLD IV): 0 match ids
2026-09-22 23:32:16,362 INFO laneforge.ingest.crawl: seed 2_wSOoOyLg71 (GOLD IV): 0 match ids
2026-09-22 23:32:17,032 INFO laneforge.ingest.crawl: seed hd_CSRjfaxyb (GOLD IV): 12 match ids
2026-09-22 23:32:17,293 INFO laneforge.ingest.crawl: reject NA1_5644902276 before timeline: too_short: 919s < 960s
2026-09-22 23:32:18,451 INFO laneforge.ingest.crawl: fetched NA1_5644175412 (GOLD) [303 this run]
2026-09-22 23:32:19,533 INFO laneforge.ingest.crawl: fetched NA1_5643693750 (GOLD) [304 this run]
2026-09-22 23:32:20,362 INFO laneforge.ingest.crawl: fetched NA1_5643670383 (GOLD) [305 this run]
2026-09-22 23:32:21,266 INFO laneforge.ingest.crawl: fetched NA1_5643633710 (GOLD) [306 this run]
2026-09-22 23:32:21,984 INFO laneforge.ingest.crawl: fetched NA1_5643538811 (GOLD) [307 this run]
2026-09-22 23:32:23,005 INFO laneforge.ingest.crawl: fetched NA1_5642991525 (GOLD) [308 this run]
2026-09-22 23:32:23,978 INFO laneforge.ingest.crawl: fetched NA1_5642960770 (GOLD) [309 this run]
2026-09-22 23:32:24,788 INFO laneforge.ingest.crawl: fetched NA1_5642504722 (GOLD) [310 this run]
2026-09-22 23:32:25,461 INFO laneforge.ingest.crawl: fetched NA1_5642192091 (GOLD) [311 this run]
2026-09-22 23:32:26,291 INFO laneforge.ingest.crawl: fetched NA1_5642161876 (GOLD) [312 this run]
2026-09-22 23:32:26,527 INFO laneforge.ingest.crawl: reject NA1_5639210076 before timeline: wrong_patch: gameVersion 16.17.810.4348 is not patch 16.18
2026-09-22 23:32:26,840 INFO laneforge.ingest.crawl: seed uPgYDmj_IkwG (GOLD IV): 0 match ids
2026-09-22 23:32:27,183 INFO laneforge.ingest.crawl: seed y8bphp2c8mDp (GOLD IV): 10 match ids
2026-09-22 23:32:27,827 INFO laneforge.ingest.crawl: reject NA1_5638957661 before timeline: wrong_patch: gameVersion 16.17.810.4348 is not patch 16.18
2026-09-22 23:32:28,052 INFO laneforge.ingest.crawl: reject NA1_5638939116 before timeline: wrong_patch: gameVersion 16.17.810.4348 is not patch 16.18
2026-09-22 23:32:29,536 INFO laneforge.ingest.crawl: reject NA1_5638909001 before timeline: wrong_patch: gameVersion 16.17.810.4348 is not patch 16.18
2026-09-22 23:32:30,200 INFO laneforge.ingest.crawl: reject NA1_5638889840 before timeline: wrong_patch: gameVersion 16.17.810.4348 is not patch 16.18
2026-09-22 23:32:30,860 INFO laneforge.ingest.crawl: reject NA1_5638861185 before timeline: wrong_patch: gameVersion 16.17.810.4348 is not patch 16.18
2026-09-22 23:32:31,462 INFO laneforge.ingest.crawl: reject NA1_5638835597 before timeline: wrong_patch: gameVersion 16.17.810.4348 is not patch 16.18
2026-09-22 23:32:31,685 INFO laneforge.ingest.crawl: reject NA1_5638829254 before timeline: wrong_patch: gameVersion 16.17.810.4348 is not patch 16.18
2026-09-22 23:32:32,469 INFO laneforge.ingest.crawl: reject NA1_5638812244 before timeline: wrong_patch: gameVersion 16.17.810.4348 is not patch 16.18
2026-09-22 23:32:32,769 INFO laneforge.ingest.crawl: reject NA1_5638786720 before timeline: wrong_patch: gameVersion 16.17.810.4348 is not patch 16.18
2026-09-22 23:32:33,275 INFO laneforge.ingest.crawl: reject NA1_5638779261 before timeline: wrong_patch: gameVersion 16.17.810.4348 is not patch 16.18
2026-09-22 23:32:33,419 INFO laneforge.ingest.crawl: seed hiO3dq9MS2F6 (GOLD IV): 62 match ids
2026-09-22 23:32:34,670 INFO laneforge.ingest.crawl: fetched NA1_5647165795 (GOLD) [313 this run]
2026-09-22 23:32:35,777 INFO laneforge.ingest.crawl: fetched NA1_5647136234 (GOLD) [314 this run]
2026-09-22 23:32:36,666 INFO laneforge.ingest.crawl: fetched NA1_5646298387 (GOLD) [315 this run]
2026-09-22 23:32:37,707 INFO laneforge.ingest.crawl: fetched NA1_5646298946 (GOLD) [316 this run]
2026-09-22 23:32:38,704 INFO laneforge.ingest.crawl: fetched NA1_5646278369 (GOLD) [317 this run]
2026-09-22 23:32:39,398 INFO laneforge.ingest.crawl: fetched NA1_5646273819 (GOLD) [318 this run]
2026-09-22 23:32:40,094 INFO laneforge.ingest.crawl: fetched NA1_5646250523 (GOLD) [319 this run]
2026-09-22 23:32:40,893 INFO laneforge.ingest.crawl: fetched NA1_5646234247 (GOLD) [320 this run]
2026-09-22 23:32:41,886 INFO laneforge.ingest.crawl: fetched NA1_5646213009 (GOLD) [321 this run]
2026-09-22 23:32:42,697 INFO laneforge.ingest.crawl: fetched NA1_5646180260 (GOLD) [322 this run]
2026-09-22 23:32:43,836 INFO laneforge.ingest.crawl: fetched NA1_5646154807 (GOLD) [323 this run]
2026-09-22 23:32:44,606 INFO laneforge.ingest.crawl: fetched NA1_5645182733 (GOLD) [324 this run]
2026-09-22 23:32:45,289 INFO laneforge.ingest.crawl: fetched NA1_5645174634 (GOLD) [325 this run]
2026-09-22 23:33:59,161 INFO laneforge.ingest.crawl: reject NA1_5645166172 before timeline: too_short: 836s < 960s
2026-09-22 23:34:01,259 INFO laneforge.ingest.crawl: fetched NA1_5645152761 (GOLD) [326 this run]
2026-09-22 23:34:02,096 INFO laneforge.ingest.crawl: fetched NA1_5645114843 (GOLD) [327 this run]
2026-09-22 23:34:03,029 INFO laneforge.ingest.crawl: fetched NA1_5644238067 (GOLD) [328 this run]
2026-09-22 23:34:04,009 INFO laneforge.ingest.crawl: fetched NA1_5643724863 (GOLD) [329 this run]
2026-09-22 23:34:04,990 INFO laneforge.ingest.crawl: fetched NA1_5643702446 (GOLD) [330 this run]
2026-09-22 23:34:05,793 INFO laneforge.ingest.crawl: fetched NA1_5643677719 (GOLD) [331 this run]
2026-09-22 23:34:06,528 INFO laneforge.ingest.crawl: fetched NA1_5643151491 (GOLD) [332 this run]
2026-09-22 23:34:06,825 INFO laneforge.ingest.crawl: reject NA1_5643158081 before timeline: too_short: 345s < 960s
2026-09-22 23:34:08,028 INFO laneforge.ingest.crawl: fetched NA1_5643141520 (GOLD) [333 this run]
2026-09-22 23:34:08,203 INFO laneforge.ingest.crawl: reject NA1_5643144816 before timeline: too_short: 931s < 960s
2026-09-22 23:34:08,653 INFO laneforge.ingest.crawl: reject NA1_5643127538 before timeline: too_short: 683s < 960s
2026-09-22 23:34:09,775 INFO laneforge.ingest.crawl: fetched NA1_5643111592 (GOLD) [334 this run]
2026-09-22 23:34:10,692 INFO laneforge.ingest.crawl: fetched NA1_5642675726 (GOLD) [335 this run]
2026-09-22 23:34:11,253 INFO laneforge.ingest.crawl: fetched NA1_5642678085 (GOLD) [336 this run]
2026-09-22 23:34:12,728 INFO laneforge.ingest.crawl: fetched NA1_5642662447 (GOLD) [337 this run]
2026-09-22 23:34:13,727 INFO laneforge.ingest.crawl: fetched NA1_5642580018 (GOLD) [338 this run]
2026-09-22 23:34:14,651 INFO laneforge.ingest.crawl: fetched NA1_5642563700 (GOLD) [339 this run]
2026-09-22 23:34:15,792 INFO laneforge.ingest.crawl: fetched NA1_5642558620 (GOLD) [340 this run]
2026-09-22 23:34:16,621 INFO laneforge.ingest.crawl: fetched NA1_5642558744 (GOLD) [341 this run]
2026-09-22 23:34:17,461 INFO laneforge.ingest.crawl: fetched NA1_5642539943 (GOLD) [342 this run]
2026-09-22 23:34:17,661 INFO laneforge.ingest.crawl: reject NA1_5642534988 before timeline: early_surrender: remake
2026-09-22 23:34:18,381 INFO laneforge.ingest.crawl: fetched NA1_5642514380 (GOLD) [343 this run]
2026-09-22 23:34:19,233 INFO laneforge.ingest.crawl: fetched NA1_5641910291 (GOLD) [344 this run]
2026-09-22 23:34:19,955 INFO laneforge.ingest.crawl: fetched NA1_5641886573 (GOLD) [345 this run]
2026-09-22 23:34:20,951 INFO laneforge.ingest.crawl: fetched NA1_5641852926 (GOLD) [346 this run]
2026-09-22 23:34:21,918 INFO laneforge.ingest.crawl: fetched NA1_5641551483 (GOLD) [347 this run]
2026-09-22 23:34:22,700 INFO laneforge.ingest.crawl: fetched NA1_5641527177 (GOLD) [348 this run]
2026-09-22 23:34:23,634 INFO laneforge.ingest.crawl: fetched NA1_5641496314 (GOLD) [349 this run]
2026-09-22 23:34:24,329 INFO laneforge.ingest.crawl: fetched NA1_5641491857 (GOLD) [350 this run]
2026-09-22 23:34:25,426 INFO laneforge.ingest.crawl: fetched NA1_5640861942 (GOLD) [351 this run]
2026-09-22 23:34:25,664 INFO laneforge.ingest.crawl: reject NA1_5640855876 before timeline: early_surrender: remake
2026-09-22 23:34:26,336 INFO laneforge.ingest.crawl: fetched NA1_5640832484 (GOLD) [352 this run]
2026-09-22 23:34:27,385 INFO laneforge.ingest.crawl: fetched NA1_5640803610 (GOLD) [353 this run]
2026-09-22 23:34:28,137 INFO laneforge.ingest.crawl: fetched NA1_5640778734 (GOLD) [354 this run]
2026-09-22 23:34:29,812 INFO laneforge.ingest.crawl: fetched NA1_5640773120 (GOLD) [355 this run]
2026-09-22 23:34:31,206 INFO laneforge.ingest.crawl: fetched NA1_5640745312 (GOLD) [356 this run]
2026-09-22 23:34:31,946 INFO laneforge.ingest.crawl: fetched NA1_5640736962 (GOLD) [357 this run]
2026-09-22 23:34:33,128 INFO laneforge.ingest.crawl: fetched NA1_5640211285 (GOLD) [358 this run]
2026-09-22 23:34:34,109 INFO laneforge.ingest.crawl: fetched NA1_5640188019 (GOLD) [359 this run]
2026-09-22 23:34:34,299 INFO laneforge.ingest.crawl: reject NA1_5639254960 before timeline: wrong_patch: gameVersion 16.17.810.4348 is not patch 16.18
2026-09-22 23:34:34,497 INFO laneforge.ingest.crawl: reject NA1_5639240165 before timeline: wrong_patch: gameVersion 16.17.810.4348 is not patch 16.18
2026-09-22 23:34:35,180 INFO laneforge.ingest.crawl: reject NA1_5639224557 before timeline: wrong_patch: gameVersion 16.17.810.4348 is not patch 16.18
2026-09-22 23:34:35,344 INFO laneforge.ingest.crawl: reject NA1_5639235845 before timeline: wrong_patch: gameVersion 16.17.810.4348 is not patch 16.18
2026-09-22 23:34:36,060 INFO laneforge.ingest.crawl: reject NA1_5639214021 before timeline: wrong_patch: gameVersion 16.17.810.4348 is not patch 16.18
2026-09-22 23:34:36,302 INFO laneforge.ingest.crawl: reject NA1_5638622053 before timeline: wrong_patch: gameVersion 16.17.810.4348 is not patch 16.18
2026-09-22 23:34:36,869 INFO laneforge.ingest.crawl: reject NA1_5638599306 before timeline: wrong_patch: gameVersion 16.17.810.4348 is not patch 16.18
2026-09-22 23:34:37,440 INFO laneforge.ingest.crawl: reject NA1_5638579519 before timeline: wrong_patch: gameVersion 16.17.810.4348 is not patch 16.18
2026-09-22 23:34:37,942 INFO laneforge.ingest.crawl: reject NA1_5638577777 before timeline: wrong_patch: gameVersion 16.17.810.4348 is not patch 16.18
2026-09-22 23:34:38,294 INFO laneforge.ingest.crawl: seed FdG8wszChEEs (GOLD IV): 0 match ids
2026-09-22 23:34:38,850 INFO laneforge.ingest.crawl: seed c5wPqOPyMAx1 (GOLD IV): 0 match ids
2026-09-22 23:34:39,006 INFO laneforge.ingest.crawl: seed flmJ3K7lomJE (GOLD IV): 0 match ids
2026-09-22 23:34:39,536 INFO laneforge.ingest.crawl: seed sFFAXKIcRuOh (GOLD IV): 0 match ids
2026-09-22 23:34:39,693 INFO laneforge.ingest.crawl: seed OYWtQSunOvv8 (GOLD IV): 0 match ids
2026-09-22 23:34:40,222 INFO laneforge.ingest.crawl: seed lhHOkmOPhiSq (GOLD IV): 15 match ids
2026-09-22 23:34:41,633 INFO laneforge.ingest.crawl: fetched NA1_5647247928 (GOLD) [360 this run]
2026-09-22 23:34:42,401 INFO laneforge.ingest.crawl: fetched NA1_5647207479 (GOLD) [361 this run]
2026-09-22 23:34:43,223 INFO laneforge.ingest.crawl: fetched NA1_5644174189 (GOLD) [362 this run]
2026-09-22 23:34:44,434 INFO laneforge.ingest.crawl: fetched NA1_5641722774 (GOLD) [363 this run]
2026-09-22 23:34:45,138 INFO laneforge.ingest.crawl: fetched NA1_5640294538 (GOLD) [364 this run]
2026-09-22 23:35:59,585 INFO laneforge.ingest.crawl: fetched NA1_5640197857 (GOLD) [365 this run]
2026-09-22 23:36:00,269 INFO laneforge.ingest.crawl: reject NA1_5639113937 before timeline: wrong_patch: gameVersion 16.17.810.4348 is not patch 16.18
2026-09-22 23:36:00,925 INFO laneforge.ingest.crawl: reject NA1_5639083971 before timeline: wrong_patch: gameVersion 16.17.810.4348 is not patch 16.18
2026-09-22 23:36:01,454 INFO laneforge.ingest.crawl: reject NA1_5639025551 before timeline: wrong_patch: gameVersion 16.17.810.4348 is not patch 16.18
2026-09-22 23:36:01,716 INFO laneforge.ingest.crawl: reject NA1_5638933019 before timeline: wrong_patch: gameVersion 16.17.810.4348 is not patch 16.18
2026-09-22 23:36:02,300 INFO laneforge.ingest.crawl: reject NA1_5638914745 before timeline: wrong_patch: gameVersion 16.17.810.4348 is not patch 16.18
2026-09-22 23:36:02,613 INFO laneforge.ingest.crawl: reject NA1_5638488381 before timeline: wrong_patch: gameVersion 16.17.810.4348 is not patch 16.18
2026-09-22 23:36:03,273 INFO laneforge.ingest.crawl: reject NA1_5638456705 before timeline: wrong_patch: gameVersion 16.17.810.4348 is not patch 16.18
2026-09-22 23:36:03,644 INFO laneforge.ingest.crawl: reject NA1_5638308758 before timeline: wrong_patch: gameVersion 16.17.810.4348 is not patch 16.18
2026-09-22 23:36:04,377 INFO laneforge.ingest.crawl: reject NA1_5638283975 before timeline: wrong_patch: gameVersion 16.17.810.4348 is not patch 16.18
2026-09-22 23:36:04,546 INFO laneforge.ingest.crawl: seed ukcpYYQ70MGS (GOLD IV): 69 match ids
2026-09-22 23:36:05,834 INFO laneforge.ingest.crawl: fetched NA1_5646111605 (GOLD) [366 this run]
2026-09-22 23:36:06,707 INFO laneforge.ingest.crawl: fetched NA1_5645973732 (GOLD) [367 this run]
2026-09-22 23:36:07,422 INFO laneforge.ingest.crawl: fetched NA1_5645413711 (GOLD) [368 this run]
2026-09-22 23:36:08,644 INFO laneforge.ingest.crawl: fetched NA1_5645321084 (GOLD) [369 this run]
2026-09-22 23:36:09,515 INFO laneforge.ingest.crawl: fetched NA1_5644629113 (GOLD) [370 this run]
2026-09-22 23:36:10,399 INFO laneforge.ingest.crawl: fetched NA1_5644601052 (GOLD) [371 this run]
2026-09-22 23:36:11,311 INFO laneforge.ingest.crawl: fetched NA1_5644116811 (GOLD) [372 this run]
2026-09-22 23:36:12,379 INFO laneforge.ingest.crawl: fetched NA1_5644043477 (GOLD) [373 this run]
2026-09-22 23:36:13,278 INFO laneforge.ingest.crawl: fetched NA1_5644000541 (GOLD) [374 this run]
2026-09-22 23:36:14,376 INFO laneforge.ingest.crawl: fetched NA1_5643980171 (GOLD) [375 this run]
2026-09-22 23:36:15,073 INFO laneforge.ingest.crawl: fetched NA1_5643599805 (GOLD) [376 this run]
2026-09-22 23:36:16,380 INFO laneforge.ingest.crawl: fetched NA1_5643514987 (GOLD) [377 this run]
2026-09-22 23:36:17,196 INFO laneforge.ingest.crawl: fetched NA1_5643489924 (GOLD) [378 this run]
2026-09-22 23:36:18,098 INFO laneforge.ingest.crawl: fetched NA1_5643452131 (GOLD) [379 this run]
2026-09-22 23:36:18,781 INFO laneforge.ingest.crawl: fetched NA1_5643422571 (GOLD) [380 this run]
2026-09-22 23:36:19,596 INFO laneforge.ingest.crawl: fetched NA1_5643394665 (GOLD) [381 this run]
2026-09-22 23:36:20,296 INFO laneforge.ingest.crawl: fetched NA1_5643032836 (GOLD) [382 this run]
2026-09-22 23:36:21,075 INFO laneforge.ingest.crawl: fetched NA1_5642998224 (GOLD) [383 this run]
2026-09-22 23:36:21,838 INFO laneforge.ingest.crawl: fetched NA1_5642959372 (GOLD) [384 this run]
2026-09-22 23:36:22,732 INFO laneforge.ingest.crawl: fetched NA1_5642927112 (GOLD) [385 this run]
2026-09-22 23:36:23,733 INFO laneforge.ingest.crawl: fetched NA1_5642858337 (GOLD) [386 this run]
2026-09-22 23:36:23,954 INFO laneforge.ingest.crawl: reject NA1_5642860931 before timeline: early_surrender: remake
2026-09-22 23:36:24,159 INFO laneforge.ingest.crawl: reject NA1_5642845728 before timeline: early_surrender: remake
2026-09-22 23:36:25,366 INFO laneforge.ingest.crawl: fetched NA1_5642833176 (GOLD) [387 this run]
2026-09-22 23:36:26,348 INFO laneforge.ingest.crawl: fetched NA1_5642442124 (GOLD) [388 this run]
2026-09-22 23:36:27,187 INFO laneforge.ingest.crawl: fetched NA1_5642403262 (GOLD) [389 this run]
2026-09-22 23:36:27,382 INFO laneforge.ingest.crawl: reject NA1_5642397339 before timeline: early_surrender: remake
2026-09-22 23:36:28,265 INFO laneforge.ingest.crawl: fetched NA1_5642362369 (GOLD) [390 this run]
2026-09-22 23:36:29,789 INFO laneforge.ingest.crawl: fetched NA1_5642295551 (GOLD) [391 this run]
2026-09-22 23:36:31,128 INFO laneforge.ingest.crawl: fetched NA1_5642236866 (GOLD) [392 this run]
2026-09-22 23:36:32,043 INFO laneforge.ingest.crawl: fetched NA1_5642208389 (GOLD) [393 this run]
2026-09-22 23:36:33,005 INFO laneforge.ingest.crawl: fetched NA1_5642188398 (GOLD) [394 this run]
2026-09-22 23:36:33,337 INFO laneforge.ingest.crawl: reject NA1_5642186073 before timeline: too_short: 332s < 960s
2026-09-22 23:36:34,697 INFO laneforge.ingest.crawl: fetched NA1_5641844781 (GOLD) [395 this run]
2026-09-22 23:36:34,868 INFO laneforge.ingest.crawl: reject NA1_5641826829 before timeline: too_short: 955s < 960s
2026-09-22 23:36:35,771 INFO laneforge.ingest.crawl: fetched NA1_5641778106 (GOLD) [396 this run]
2026-09-22 23:36:36,639 INFO laneforge.ingest.crawl: fetched NA1_5641743002 (GOLD) [397 this run]
2026-09-22 23:36:37,662 INFO laneforge.ingest.crawl: fetched NA1_5641693729 (GOLD) [398 this run]
2026-09-22 23:36:38,728 INFO laneforge.ingest.crawl: fetched NA1_5641627829 (GOLD) [399 this run]
2026-09-22 23:36:39,579 INFO laneforge.ingest.crawl: fetched NA1_5641131382 (GOLD) [400 this run]
2026-09-22 23:36:40,273 INFO laneforge.ingest.crawl: fetched NA1_5641106071 (GOLD) [401 this run]
2026-09-22 23:36:41,052 INFO laneforge.ingest.crawl: fetched NA1_5641059518 (GOLD) [402 this run]
2026-09-22 23:36:42,154 INFO laneforge.ingest.crawl: fetched NA1_5640943735 (GOLD) [403 this run]
2026-09-22 23:36:42,928 INFO laneforge.ingest.crawl: fetched NA1_5640908574 (GOLD) [404 this run]
2026-09-22 23:36:43,765 INFO laneforge.ingest.crawl: fetched NA1_5640853304 (GOLD) [405 this run]
2026-09-22 23:36:44,942 INFO laneforge.ingest.crawl: fetched NA1_5640830857 (GOLD) [406 this run]
2026-09-22 23:36:45,702 INFO laneforge.ingest.crawl: fetched NA1_5640793399 (GOLD) [407 this run]
2026-09-22 23:38:00,729 INFO laneforge.ingest.crawl: fetched NA1_5640345062 (GOLD) [408 this run]
2026-09-22 23:38:01,780 INFO laneforge.ingest.crawl: fetched NA1_5640307101 (GOLD) [409 this run]
2026-09-22 23:38:02,778 INFO laneforge.ingest.crawl: fetched NA1_5640235518 (GOLD) [410 this run]
2026-09-22 23:38:03,577 INFO laneforge.ingest.crawl: fetched NA1_5640203180 (GOLD) [411 this run]
2026-09-22 23:38:04,783 INFO laneforge.ingest.crawl: fetched NA1_5640126631 (GOLD) [412 this run]
2026-09-22 23:38:05,607 INFO laneforge.ingest.crawl: fetched NA1_5640094612 (GOLD) [413 this run]
2026-09-22 23:38:06,305 INFO laneforge.ingest.crawl: fetched NA1_5639672024 (GOLD) [414 this run]
2026-09-22 23:38:07,081 INFO laneforge.ingest.crawl: fetched NA1_5639596517 (GOLD) [415 this run]
2026-09-22 23:38:08,172 INFO laneforge.ingest.crawl: fetched NA1_5639560413 (GOLD) [416 this run]
2026-09-22 23:38:09,384 INFO laneforge.ingest.crawl: fetched NA1_5639456534 (GOLD) [417 this run]
2026-09-22 23:38:09,623 INFO laneforge.ingest.crawl: reject NA1_5639075462 before timeline: wrong_patch: gameVersion 16.17.810.4348 is not patch 16.18
2026-09-22 23:38:09,801 INFO laneforge.ingest.crawl: reject NA1_5639049839 before timeline: wrong_patch: gameVersion 16.17.810.4348 is not patch 16.18
2026-09-22 23:38:09,989 INFO laneforge.ingest.crawl: reject NA1_5638941521 before timeline: wrong_patch: gameVersion 16.17.810.4348 is not patch 16.18
2026-09-22 23:38:10,572 INFO laneforge.ingest.crawl: reject NA1_5638909675 before timeline: wrong_patch: gameVersion 16.17.810.4348 is not patch 16.18
2026-09-22 23:38:10,939 INFO laneforge.ingest.crawl: reject NA1_5638882460 before timeline: wrong_patch: gameVersion 16.17.810.4348 is not patch 16.18
2026-09-22 23:38:11,553 INFO laneforge.ingest.crawl: reject NA1_5638865161 before timeline: wrong_patch: gameVersion 16.17.810.4348 is not patch 16.18
2026-09-22 23:38:11,794 INFO laneforge.ingest.crawl: reject NA1_5638517478 before timeline: wrong_patch: gameVersion 16.17.810.4348 is not patch 16.18
2026-09-22 23:38:12,532 INFO laneforge.ingest.crawl: reject NA1_5638404863 before timeline: wrong_patch: gameVersion 16.17.810.4348 is not patch 16.18
2026-09-22 23:38:12,946 INFO laneforge.ingest.crawl: reject NA1_5638359721 before timeline: wrong_patch: gameVersion 16.17.810.4348 is not patch 16.18
2026-09-22 23:38:13,485 INFO laneforge.ingest.crawl: reject NA1_5638346858 before timeline: wrong_patch: gameVersion 16.17.810.4348 is not patch 16.18
2026-09-22 23:38:13,950 INFO laneforge.ingest.crawl: reject NA1_5638322742 before timeline: wrong_patch: gameVersion 16.17.810.4348 is not patch 16.18
2026-09-22 23:38:14,491 INFO laneforge.ingest.crawl: seed 5YlMm2nDgE9c (GOLD IV): 0 match ids
2026-09-22 23:38:14,832 INFO laneforge.ingest.crawl: seed V-x_mF8072Cg (GOLD IV): 0 match ids
2026-09-22 23:38:15,200 INFO laneforge.ingest.crawl: seed hr4xnu4uX7WB (GOLD IV): 0 match ids
2026-09-22 23:38:15,911 INFO laneforge.ingest.crawl: seed 1P_ivU1F2D6W (GOLD IV): 17 match ids
2026-09-22 23:38:17,117 INFO laneforge.ingest.crawl: fetched NA1_5646902751 (GOLD) [418 this run]
2026-09-22 23:38:17,990 INFO laneforge.ingest.crawl: fetched NA1_5646884333 (GOLD) [419 this run]
2026-09-22 23:38:18,822 INFO laneforge.ingest.crawl: fetched NA1_5646328609 (GOLD) [420 this run]
2026-09-22 23:38:19,579 INFO laneforge.ingest.crawl: fetched NA1_5642884362 (GOLD) [421 this run]
2026-09-22 23:38:20,453 INFO laneforge.ingest.crawl: fetched NA1_5642863467 (GOLD) [422 this run]
2026-09-22 23:38:21,222 INFO laneforge.ingest.crawl: fetched NA1_5641303732 (GOLD) [423 this run]
2026-09-22 23:38:22,029 INFO laneforge.ingest.crawl: fetched NA1_5641312824 (GOLD) [424 this run]
2026-09-22 23:38:22,259 INFO laneforge.ingest.crawl: reject NA1_5640950988 before timeline: too_short: 391s < 960s
2026-09-22 23:38:23,255 INFO laneforge.ingest.crawl: fetched NA1_5640922545 (GOLD) [425 this run]
2026-09-22 23:38:24,278 INFO laneforge.ingest.crawl: fetched NA1_5640554369 (GOLD) [426 this run]
2026-09-22 23:38:25,009 INFO laneforge.ingest.crawl: fetched NA1_5640557764 (GOLD) [427 this run]
2026-09-22 23:38:26,022 INFO laneforge.ingest.crawl: fetched NA1_5640541310 (GOLD) [428 this run]
2026-09-22 23:38:27,100 INFO laneforge.ingest.crawl: fetched NA1_5640529387 (GOLD) [429 this run]
2026-09-22 23:38:27,810 INFO laneforge.ingest.crawl: fetched NA1_5640516441 (GOLD) [430 this run]
2026-09-22 23:38:28,715 INFO laneforge.ingest.crawl: fetched NA1_5640486683 (GOLD) [431 this run]
2026-09-22 23:38:29,798 INFO laneforge.ingest.crawl: fetched NA1_5640460673 (GOLD) [432 this run]
2026-09-22 23:38:31,057 INFO laneforge.ingest.crawl: fetched NA1_5640448203 (GOLD) [433 this run]
2026-09-22 23:38:31,373 INFO laneforge.ingest.crawl: seed yKxb31mCqbpO (GOLD IV): 4 match ids
2026-09-22 23:38:32,849 INFO laneforge.ingest.crawl: fetched NA1_5647186450 (GOLD) [434 this run]
2026-09-22 23:38:33,665 INFO laneforge.ingest.crawl: fetched NA1_5646585576 (GOLD) [435 this run]
2026-09-22 23:38:34,548 INFO laneforge.ingest.crawl: fetched NA1_5646562375 (GOLD) [436 this run]
2026-09-22 23:38:35,445 INFO laneforge.ingest.crawl: fetched NA1_5641705001 (GOLD) [437 this run]
2026-09-22 23:38:35,578 INFO laneforge.ingest.crawl: seed adIdo471V9HQ (GOLD IV): 0 match ids
2026-09-22 23:38:35,990 INFO laneforge.ingest.crawl: seed T3OT0afVtf-j (GOLD IV): 0 match ids
2026-09-22 23:38:36,245 INFO laneforge.ingest.crawl: seed 9-G0-Hn239N5 (GOLD IV): 0 match ids
2026-09-22 23:38:36,796 INFO laneforge.ingest.crawl: seed BtXUzdEyENuG (GOLD IV): 0 match ids
2026-09-22 23:38:37,244 INFO laneforge.ingest.crawl: seed VSKnfed-y7Ps (GOLD IV): 3 match ids
2026-09-22 23:38:38,781 INFO laneforge.ingest.crawl: fetched NA1_5644925345 (GOLD) [438 this run]
2026-09-22 23:38:39,555 INFO laneforge.ingest.crawl: fetched NA1_5644918991 (GOLD) [439 this run]
2026-09-22 23:38:40,293 INFO laneforge.ingest.crawl: fetched NA1_5644906761 (GOLD) [440 this run]
2026-09-22 23:38:40,395 INFO laneforge.ingest.crawl: seed R0c7NqXyr9XE (GOLD IV): 7 match ids
2026-09-22 23:38:41,524 INFO laneforge.ingest.crawl: fetched NA1_5647210235 (GOLD) [441 this run]
2026-09-22 23:38:42,553 INFO laneforge.ingest.crawl: fetched NA1_5647133471 (GOLD) [442 this run]
2026-09-22 23:38:43,426 INFO laneforge.ingest.crawl: fetched NA1_5646133290 (GOLD) [443 this run]
2026-09-22 23:38:44,370 INFO laneforge.ingest.crawl: fetched NA1_5646049044 (GOLD) [444 this run]
2026-09-22 23:38:45,438 INFO laneforge.ingest.crawl: fetched NA1_5644055057 (GOLD) [445 this run]
2026-09-22 23:39:59,447 INFO laneforge.ingest.crawl: fetched NA1_5644026396 (GOLD) [446 this run]
2026-09-22 23:40:01,337 INFO laneforge.ingest.crawl: fetched NA1_5643996889 (GOLD) [447 this run]
2026-09-22 23:40:01,465 INFO laneforge.ingest.crawl: seed 9kO3zz12OX9t (GOLD IV): 19 match ids
2026-09-22 23:40:02,693 INFO laneforge.ingest.crawl: fetched NA1_5645843742 (GOLD) [448 this run]
2026-09-22 23:40:03,356 INFO laneforge.ingest.crawl: fetched NA1_5645823125 (GOLD) [449 this run]
2026-09-22 23:40:04,750 INFO laneforge.ingest.crawl: fetched NA1_5645771160 (GOLD) [450 this run]
2026-09-22 23:40:05,582 INFO laneforge.ingest.crawl: fetched NA1_5645759910 (GOLD) [451 this run]
2026-09-22 23:40:06,607 INFO laneforge.ingest.crawl: fetched NA1_5645076709 (GOLD) [452 this run]
2026-09-22 23:40:07,411 INFO laneforge.ingest.crawl: fetched NA1_5645070128 (GOLD) [453 this run]
2026-09-22 23:40:08,187 INFO laneforge.ingest.crawl: fetched NA1_5644598022 (GOLD) [454 this run]
2026-09-22 23:40:09,221 INFO laneforge.ingest.crawl: fetched NA1_5644096121 (GOLD) [455 this run]
2026-09-22 23:40:10,187 INFO laneforge.ingest.crawl: fetched NA1_5643984781 (GOLD) [456 this run]
2026-09-22 23:40:10,785 INFO laneforge.ingest.crawl: fetched NA1_5643954915 (GOLD) [457 this run]
2026-09-22 23:40:11,945 INFO laneforge.ingest.crawl: fetched NA1_5643310307 (GOLD) [458 this run]
2026-09-22 23:40:12,964 INFO laneforge.ingest.crawl: fetched NA1_5642848413 (GOLD) [459 this run]
2026-09-22 23:40:13,135 INFO laneforge.ingest.crawl: reject NA1_5642846036 before timeline: early_surrender: remake
2026-09-22 23:40:14,225 INFO laneforge.ingest.crawl: fetched NA1_5641476451 (GOLD) [460 this run]
2026-09-22 23:40:15,197 INFO laneforge.ingest.crawl: fetched NA1_5641462117 (GOLD) [461 this run]
2026-09-22 23:40:15,406 INFO laneforge.ingest.crawl: reject NA1_5638868790 before timeline: wrong_patch: gameVersion 16.17.810.4348 is not patch 16.18
2026-09-22 23:40:15,970 INFO laneforge.ingest.crawl: reject NA1_5638848854 before timeline: wrong_patch: gameVersion 16.17.810.4348 is not patch 16.18
2026-09-22 23:40:16,595 INFO laneforge.ingest.crawl: reject NA1_5638833459 before timeline: wrong_patch: gameVersion 16.17.810.4348 is not patch 16.18
2026-09-22 23:40:16,839 INFO laneforge.ingest.crawl: reject NA1_5638278323 before timeline: wrong_patch: gameVersion 16.17.810.4348 is not patch 16.18
2026-09-22 23:40:17,348 INFO laneforge.ingest.crawl: seed CIDJUg4oIieX (GOLD IV): 0 match ids
2026-09-22 23:40:17,587 INFO laneforge.ingest.crawl: seed uN2dc4vwnap1 (GOLD IV): 0 match ids
2026-09-22 23:40:18,229 INFO laneforge.ingest.crawl: seed gbgFTTfFVoL4 (GOLD IV): 0 match ids
2026-09-22 23:40:18,405 INFO laneforge.ingest.crawl: seed rAH49s_CPuXL (GOLD IV): 0 match ids
2026-09-22 23:40:18,929 INFO laneforge.ingest.crawl: seed cCO5QWZC_QsM (GOLD IV): 4 match ids
2026-09-22 23:40:20,066 INFO laneforge.ingest.crawl: fetched NA1_5647043902 (GOLD) [462 this run]
2026-09-22 23:40:20,949 INFO laneforge.ingest.crawl: fetched NA1_5647028213 (GOLD) [463 this run]
2026-09-22 23:40:21,721 INFO laneforge.ingest.crawl: fetched NA1_5647020083 (GOLD) [464 this run]
2026-09-22 23:40:22,531 INFO laneforge.ingest.crawl: fetched NA1_5647004482 (GOLD) [465 this run]
2026-09-22 23:40:22,664 INFO laneforge.ingest.crawl: seed ut8YYpS_FNCa (GOLD IV): 5 match ids
2026-09-22 23:40:23,780 INFO laneforge.ingest.crawl: fetched NA1_5645832086 (GOLD) [466 this run]
2026-09-22 23:40:24,819 INFO laneforge.ingest.crawl: fetched NA1_5645766568 (GOLD) [467 this run]
2026-09-22 23:40:24,978 INFO laneforge.ingest.crawl: reject NA1_5645735583 before timeline: early_surrender: remake
2026-09-22 23:40:25,988 INFO laneforge.ingest.crawl: fetched NA1_5642157454 (GOLD) [468 this run]
2026-09-22 23:40:26,985 INFO laneforge.ingest.crawl: fetched NA1_5642149142 (GOLD) [469 this run]
2026-09-22 23:40:27,222 INFO laneforge.ingest.crawl: seed tKRvbQVMuseW (GOLD IV): 0 match ids
2026-09-22 23:40:27,421 INFO laneforge.ingest.crawl: seed Cg1qLCEvETwc (GOLD IV): 26 match ids
2026-09-22 23:40:28,506 INFO laneforge.ingest.crawl: fetched NA1_5647284952 (GOLD) [470 this run]
2026-09-22 23:40:29,775 INFO laneforge.ingest.crawl: fetched NA1_5647258203 (GOLD) [471 this run]
2026-09-22 23:40:31,062 INFO laneforge.ingest.crawl: fetched NA1_5647232087 (GOLD) [472 this run]
2026-09-22 23:40:32,052 INFO laneforge.ingest.crawl: fetched NA1_5646783444 (GOLD) [473 this run]
2026-09-22 23:40:33,655 INFO laneforge.ingest.crawl: fetched NA1_5645889093 (GOLD) [474 this run]
2026-09-22 23:40:34,324 INFO laneforge.ingest.crawl: fetched NA1_5644106781 (GOLD) [475 this run]
2026-09-22 23:40:35,382 INFO laneforge.ingest.crawl: fetched NA1_5643489486 (GOLD) [476 this run]
2026-09-22 23:40:36,124 INFO laneforge.ingest.crawl: fetched NA1_5643252385 (GOLD) [477 this run]
2026-09-22 23:40:36,873 INFO laneforge.ingest.crawl: fetched NA1_5642805055 (GOLD) [478 this run]
2026-09-22 23:40:37,671 INFO laneforge.ingest.crawl: fetched NA1_5642776713 (GOLD) [479 this run]
2026-09-22 23:40:38,785 INFO laneforge.ingest.crawl: fetched NA1_5642440288 (GOLD) [480 this run]
2026-09-22 23:40:39,689 INFO laneforge.ingest.crawl: fetched NA1_5642402716 (GOLD) [481 this run]
2026-09-22 23:40:40,339 INFO laneforge.ingest.crawl: fetched NA1_5642227374 (GOLD) [482 this run]
2026-09-22 23:40:41,150 INFO laneforge.ingest.crawl: fetched NA1_5642204814 (GOLD) [483 this run]
2026-09-22 23:40:42,077 INFO laneforge.ingest.crawl: fetched NA1_5641799278 (GOLD) [484 this run]
2026-09-22 23:40:43,066 INFO laneforge.ingest.crawl: fetched NA1_5641748341 (GOLD) [485 this run]
2026-09-22 23:40:44,346 INFO laneforge.ingest.crawl: fetched NA1_5639744855 (GOLD) [486 this run]
2026-09-22 23:40:45,286 INFO laneforge.ingest.crawl: fetched NA1_5639678006 (GOLD) [487 this run]
2026-09-22 23:40:45,995 INFO laneforge.ingest.crawl: fetched NA1_5639629520 (GOLD) [488 this run]
2026-09-22 23:42:00,622 INFO laneforge.ingest.crawl: fetched NA1_5639539687 (GOLD) [489 this run]
2026-09-22 23:42:01,912 INFO laneforge.ingest.crawl: fetched NA1_5639527398 (GOLD) [490 this run]
2026-09-22 23:42:02,119 INFO laneforge.ingest.crawl: reject NA1_5639168361 before timeline: wrong_patch: gameVersion 16.17.810.4348 is not patch 16.18
2026-09-22 23:42:02,382 INFO laneforge.ingest.crawl: reject NA1_5639161484 before timeline: wrong_patch: gameVersion 16.17.810.4348 is not patch 16.18
2026-09-22 23:42:03,002 INFO laneforge.ingest.crawl: reject NA1_5638400785 before timeline: wrong_patch: gameVersion 16.17.810.4348 is not patch 16.18
2026-09-22 23:42:03,242 INFO laneforge.ingest.crawl: reject NA1_5638364065 before timeline: wrong_patch: gameVersion 16.17.810.4348 is not patch 16.18
2026-09-22 23:42:03,760 INFO laneforge.ingest.crawl: reject NA1_5638287566 before timeline: wrong_patch: gameVersion 16.17.810.4348 is not patch 16.18
2026-09-22 23:42:04,273 INFO laneforge.ingest.crawl: seed ia-txO2PuN-X (GOLD IV): 40 match ids
2026-09-22 23:42:05,719 INFO laneforge.ingest.crawl: fetched NA1_5646832300 (GOLD) [491 this run]
2026-09-22 23:42:06,344 INFO laneforge.ingest.crawl: fetched NA1_5646816431 (GOLD) [492 this run]
2026-09-22 23:42:07,493 INFO laneforge.ingest.crawl: fetched NA1_5646296738 (GOLD) [493 this run]
2026-09-22 23:42:08,190 INFO laneforge.ingest.crawl: fetched NA1_5646276226 (GOLD) [494 this run]
2026-09-22 23:42:08,379 INFO laneforge.ingest.crawl: reject NA1_5646264606 before timeline: too_short: 924s < 960s
2026-09-22 23:42:09,844 INFO laneforge.ingest.crawl: fetched NA1_5646256721 (GOLD) [495 this run]
2026-09-22 23:42:10,646 INFO laneforge.ingest.crawl: fetched NA1_5646138788 (GOLD) [496 this run]
2026-09-22 23:42:10,834 INFO laneforge.ingest.crawl: reject NA1_5646120494 before timeline: too_short: 479s < 960s
2026-09-22 23:42:11,708 INFO laneforge.ingest.crawl: fetched NA1_5646107024 (GOLD) [497 this run]
2026-09-22 23:42:13,038 INFO laneforge.ingest.crawl: fetched NA1_5643740626 (GOLD) [498 this run]
2026-09-22 23:42:13,865 INFO laneforge.ingest.crawl: fetched NA1_5643735651 (GOLD) [499 this run]
2026-09-22 23:42:14,037 INFO laneforge.ingest.crawl: reject NA1_5643736874 before timeline: too_short: 589s < 960s
2026-09-22 23:42:15,090 INFO laneforge.ingest.crawl: fetched NA1_5643733957 (GOLD) [500 this run]
2026-09-22 23:42:16,411 INFO laneforge.ingest.crawl: fetched NA1_5643716241 (GOLD) [501 this run]
2026-09-22 23:42:17,152 INFO laneforge.ingest.crawl: fetched NA1_5643704049 (GOLD) [502 this run]
2026-09-22 23:42:18,057 INFO laneforge.ingest.crawl: fetched NA1_5642912816 (GOLD) [503 this run]
2026-09-22 23:42:19,092 INFO laneforge.ingest.crawl: fetched NA1_5642871524 (GOLD) [504 this run]
2026-09-22 23:42:19,870 INFO laneforge.ingest.crawl: fetched NA1_5642859929 (GOLD) [505 this run]
2026-09-22 23:42:20,656 INFO laneforge.ingest.crawl: fetched NA1_5642834941 (GOLD) [506 this run]
2026-09-22 23:42:20,829 INFO laneforge.ingest.crawl: reject NA1_5642825081 before timeline: early_surrender: remake
2026-09-22 23:42:21,746 INFO laneforge.ingest.crawl: fetched NA1_5642808882 (GOLD) [507 this run]
2026-09-22 23:42:22,643 INFO laneforge.ingest.crawl: fetched NA1_5642779472 (GOLD) [508 this run]
2026-09-22 23:42:23,437 INFO laneforge.ingest.crawl: fetched NA1_5642567525 (GOLD) [509 this run]
2026-09-22 23:42:24,359 INFO laneforge.ingest.crawl: fetched NA1_5642569906 (GOLD) [510 this run]
2026-09-22 23:42:24,530 INFO laneforge.ingest.crawl: reject NA1_5642556505 before timeline: too_short: 911s < 960s
2026-09-22 23:42:25,584 INFO laneforge.ingest.crawl: fetched NA1_5642554873 (GOLD) [511 this run]
2026-09-22 23:42:26,643 INFO laneforge.ingest.crawl: fetched NA1_5642540801 (GOLD) [512 this run]
2026-09-22 23:42:27,659 INFO laneforge.ingest.crawl: fetched NA1_5642511407 (GOLD) [513 this run]
2026-09-22 23:42:28,254 INFO laneforge.ingest.crawl: fetched NA1_5639868909 (GOLD) [514 this run]
2026-09-22 23:42:29,204 INFO laneforge.ingest.crawl: fetched NA1_5639848379 (GOLD) [515 this run]
2026-09-22 23:42:30,517 INFO laneforge.ingest.crawl: fetched NA1_5639834654 (GOLD) [516 this run]
2026-09-22 23:42:30,855 INFO laneforge.ingest.crawl: reject NA1_5639253872 before timeline: wrong_patch: gameVersion 16.17.810.4348 is not patch 16.18
2026-09-22 23:42:31,506 INFO laneforge.ingest.crawl: reject NA1_5639237681 before timeline: wrong_patch: gameVersion 16.17.810.4348 is not patch 16.18
2026-09-22 23:42:31,745 INFO laneforge.ingest.crawl: reject NA1_5639224288 before timeline: wrong_patch: gameVersion 16.17.810.4348 is not patch 16.18
2026-09-22 23:42:32,504 INFO laneforge.ingest.crawl: reject NA1_5639202525 before timeline: wrong_patch: gameVersion 16.17.810.4348 is not patch 16.18
2026-09-22 23:42:33,078 INFO laneforge.ingest.crawl: reject NA1_5638600011 before timeline: wrong_patch: gameVersion 16.17.810.4348 is not patch 16.18
2026-09-22 23:42:33,905 INFO laneforge.ingest.crawl: reject NA1_5638364826 before timeline: wrong_patch: gameVersion 16.17.810.4348 is not patch 16.18
2026-09-22 23:42:34,122 INFO laneforge.ingest.crawl: reject NA1_5638326399 before timeline: wrong_patch: gameVersion 16.17.810.4348 is not patch 16.18
2026-09-22 23:42:34,532 INFO laneforge.ingest.crawl: reject NA1_5638303584 before timeline: wrong_patch: gameVersion 16.17.810.4348 is not patch 16.18
2026-09-22 23:42:34,939 INFO laneforge.ingest.crawl: reject NA1_5638282345 before timeline: wrong_patch: gameVersion 16.17.810.4348 is not patch 16.18
2026-09-22 23:42:35,500 INFO laneforge.ingest.crawl: seed X-YWoXKCtRe3 (GOLD IV): 4 match ids
2026-09-22 23:42:36,644 INFO laneforge.ingest.crawl: fetched NA1_5646098929 (GOLD) [517 this run]
2026-09-22 23:42:37,380 INFO laneforge.ingest.crawl: fetched NA1_5646054535 (GOLD) [518 this run]
2026-09-22 23:42:38,401 INFO laneforge.ingest.crawl: fetched NA1_5646020288 (GOLD) [519 this run]
2026-09-22 23:42:39,242 INFO laneforge.ingest.crawl: fetched NA1_5645990688 (GOLD) [520 this run]
2026-09-22 23:42:39,358 INFO laneforge.ingest.crawl: seed cVvwPNKcUfXd (GOLD IV): 23 match ids
2026-09-22 23:42:40,584 INFO laneforge.ingest.crawl: fetched NA1_5644814675 (GOLD) [521 this run]
2026-09-22 23:42:41,275 INFO laneforge.ingest.crawl: fetched NA1_5644795544 (GOLD) [522 this run]
2026-09-22 23:42:41,461 INFO laneforge.ingest.crawl: reject NA1_5644789177 before timeline: early_surrender: remake
2026-09-22 23:42:42,733 INFO laneforge.ingest.crawl: fetched NA1_5644765088 (GOLD) [523 this run]
2026-09-22 23:42:43,698 INFO laneforge.ingest.crawl: fetched NA1_5644066884 (GOLD) [524 this run]
2026-09-22 23:42:44,937 INFO laneforge.ingest.crawl: fetched NA1_5643585314 (GOLD) [525 this run]
2026-09-22 23:42:45,872 INFO laneforge.ingest.crawl: fetched NA1_5643014244 (GOLD) [526 this run]
2026-09-22 23:43:59,664 INFO laneforge.ingest.crawl: fetched NA1_5642883946 (GOLD) [527 this run]
2026-09-22 23:44:00,273 INFO laneforge.ingest.crawl: reject NA1_5642868567 before timeline: too_short: 462s < 960s
2026-09-22 23:44:01,854 INFO laneforge.ingest.crawl: fetched NA1_5642396319 (GOLD) [528 this run]
2026-09-22 23:44:02,669 INFO laneforge.ingest.crawl: fetched NA1_5642370745 (GOLD) [529 this run]
2026-09-22 23:44:03,650 INFO laneforge.ingest.crawl: fetched NA1_5642328692 (GOLD) [530 this run]
2026-09-22 23:44:04,747 INFO laneforge.ingest.crawl: fetched NA1_5642178342 (GOLD) [531 this run]
2026-09-22 23:44:05,730 INFO laneforge.ingest.crawl: fetched NA1_5642155395 (GOLD) [532 this run]
2026-09-22 23:44:06,527 INFO laneforge.ingest.crawl: fetched NA1_5642143853 (GOLD) [533 this run]
2026-09-22 23:44:07,392 INFO laneforge.ingest.crawl: fetched NA1_5641748212 (GOLD) [534 this run]
2026-09-22 23:44:08,170 INFO laneforge.ingest.crawl: fetched NA1_5641707686 (GOLD) [535 this run]
2026-09-22 23:44:09,222 INFO laneforge.ingest.crawl: fetched NA1_5640771403 (GOLD) [536 this run]
2026-09-22 23:44:10,564 INFO laneforge.ingest.crawl: fetched NA1_5639673899 (GOLD) [537 this run]
2026-09-22 23:44:10,820 INFO laneforge.ingest.crawl: reject NA1_5639053989 before timeline: wrong_patch: gameVersion 16.17.810.4348 is not patch 16.18
2026-09-22 23:44:11,035 INFO laneforge.ingest.crawl: reject NA1_5638969692 before timeline: wrong_patch: gameVersion 16.17.810.4348 is not patch 16.18
2026-09-22 23:44:11,286 INFO laneforge.ingest.crawl: reject NA1_5638437027 before timeline: wrong_patch: gameVersion 16.17.810.4348 is not patch 16.18
2026-09-22 23:44:11,572 INFO laneforge.ingest.crawl: reject NA1_5638405828 before timeline: wrong_patch: gameVersion 16.17.810.4348 is not patch 16.18
2026-09-22 23:44:12,082 INFO laneforge.ingest.crawl: seed BG-H0eqItXc7 (GOLD IV): 0 match ids
2026-09-22 23:44:12,525 INFO laneforge.ingest.crawl: seed p0a7SKHCSmpD (GOLD IV): 9 match ids
2026-09-22 23:44:13,999 INFO laneforge.ingest.crawl: fetched NA1_5642940475 (GOLD) [538 this run]
2026-09-22 23:44:14,949 INFO laneforge.ingest.crawl: fetched NA1_5642917935 (GOLD) [539 this run]
2026-09-22 23:44:15,833 INFO laneforge.ingest.crawl: fetched NA1_5642367394 (GOLD) [540 this run]
2026-09-22 23:44:16,009 INFO laneforge.ingest.crawl: reject NA1_5642353101 before timeline: too_short: 917s < 960s
2026-09-22 23:44:17,273 INFO laneforge.ingest.crawl: fetched NA1_5642320186 (GOLD) [541 this run]
2026-09-22 23:44:17,504 INFO laneforge.ingest.crawl: reject NA1_5638623113 before timeline: wrong_patch: gameVersion 16.17.810.4348 is not patch 16.18
2026-09-22 23:44:17,704 INFO laneforge.ingest.crawl: reject NA1_5638601703 before timeline: wrong_patch: gameVersion 16.17.810.4348 is not patch 16.18
2026-09-22 23:44:18,353 INFO laneforge.ingest.crawl: reject NA1_5638589390 before timeline: wrong_patch: gameVersion 16.17.810.4348 is not patch 16.18
2026-09-22 23:44:18,567 INFO laneforge.ingest.crawl: reject NA1_5638565441 before timeline: wrong_patch: gameVersion 16.17.810.4348 is not patch 16.18
2026-09-22 23:44:19,210 INFO laneforge.ingest.crawl: seed Z35Rnk8kdlcx (GOLD IV): 69 match ids
2026-09-22 23:44:20,355 INFO laneforge.ingest.crawl: fetched NA1_5647271619 (GOLD) [542 this run]
2026-09-22 23:44:21,198 INFO laneforge.ingest.crawl: fetched NA1_5647241462 (GOLD) [543 this run]
2026-09-22 23:44:21,878 INFO laneforge.ingest.crawl: fetched NA1_5647221188 (GOLD) [544 this run]
2026-09-22 23:44:22,902 INFO laneforge.ingest.crawl: fetched NA1_5647058795 (GOLD) [545 this run]
2026-09-22 23:44:23,459 INFO laneforge.ingest.crawl: fetched NA1_5647042275 (GOLD) [546 this run]
2026-09-22 23:44:24,363 INFO laneforge.ingest.crawl: fetched NA1_5646437230 (GOLD) [547 this run]
2026-09-22 23:44:25,369 INFO laneforge.ingest.crawl: fetched NA1_5646340442 (GOLD) [548 this run]
2026-09-22 23:44:26,099 INFO laneforge.ingest.crawl: fetched NA1_5646339149 (GOLD) [549 this run]
2026-09-22 23:44:27,154 INFO laneforge.ingest.crawl: fetched NA1_5646333372 (GOLD) [550 this run]
2026-09-22 23:44:28,215 INFO laneforge.ingest.crawl: fetched NA1_5645967261 (GOLD) [551 this run]
2026-09-22 23:44:28,424 INFO laneforge.ingest.crawl: reject NA1_5645944693 before timeline: too_short: 912s < 960s
2026-09-22 23:44:29,373 INFO laneforge.ingest.crawl: fetched NA1_5645918543 (GOLD) [552 this run]
2026-09-22 23:44:30,584 INFO laneforge.ingest.crawl: fetched NA1_5645878964 (GOLD) [553 this run]
2026-09-22 23:44:31,876 INFO laneforge.ingest.crawl: fetched NA1_5645819803 (GOLD) [554 this run]
2026-09-22 23:44:32,924 INFO laneforge.ingest.crawl: fetched NA1_5645788278 (GOLD) [555 this run]
2026-09-22 23:44:34,186 INFO laneforge.ingest.crawl: fetched NA1_5645769451 (GOLD) [556 this run]
2026-09-22 23:44:35,111 INFO laneforge.ingest.crawl: fetched NA1_5645148668 (GOLD) [557 this run]
2026-09-22 23:44:35,941 INFO laneforge.ingest.crawl: fetched NA1_5645135483 (GOLD) [558 this run]
2026-09-22 23:44:36,739 INFO laneforge.ingest.crawl: fetched NA1_5645086925 (GOLD) [559 this run]
2026-09-22 23:44:37,485 INFO laneforge.ingest.crawl: fetched NA1_5645059429 (GOLD) [560 this run]
2026-09-22 23:44:38,289 INFO laneforge.ingest.crawl: fetched NA1_5645050573 (GOLD) [561 this run]
2026-09-22 23:44:39,422 INFO laneforge.ingest.crawl: fetched NA1_5644758361 (GOLD) [562 this run]
2026-09-22 23:44:40,247 INFO laneforge.ingest.crawl: fetched NA1_5644734797 (GOLD) [563 this run]
2026-09-22 23:44:41,133 INFO laneforge.ingest.crawl: fetched NA1_5644553472 (GOLD) [564 this run]
2026-09-22 23:44:41,846 INFO laneforge.ingest.crawl: fetched NA1_5644533344 (GOLD) [565 this run]
2026-09-22 23:44:42,705 INFO laneforge.ingest.crawl: fetched NA1_5644492404 (GOLD) [566 this run]
2026-09-22 23:44:43,608 INFO laneforge.ingest.crawl: fetched NA1_5644476293 (GOLD) [567 this run]
2026-09-22 23:44:44,937 INFO laneforge.ingest.crawl: fetched NA1_5644146862 (GOLD) [568 this run]
2026-09-22 23:44:46,426 INFO laneforge.ingest.crawl: fetched NA1_5644114666 (GOLD) [569 this run]
2026-09-22 23:45:59,391 INFO laneforge.ingest.crawl: fetched NA1_5644109106 (GOLD) [570 this run]
2026-09-22 23:46:01,327 INFO laneforge.ingest.crawl: fetched NA1_5644078268 (GOLD) [571 this run]
2026-09-22 23:46:02,525 INFO laneforge.ingest.crawl: fetched NA1_5643892343 (GOLD) [572 this run]
2026-09-22 23:46:03,327 INFO laneforge.ingest.crawl: fetched NA1_5643876599 (GOLD) [573 this run]
2026-09-22 23:46:03,495 INFO laneforge.ingest.crawl: reject NA1_5643884781 before timeline: too_short: 918s < 960s
2026-09-22 23:46:04,670 INFO laneforge.ingest.crawl: fetched NA1_5643863158 (GOLD) [574 this run]
2026-09-22 23:46:05,543 INFO laneforge.ingest.crawl: fetched NA1_5643320820 (GOLD) [575 this run]
2026-09-22 23:46:06,498 INFO laneforge.ingest.crawl: fetched NA1_5643301322 (GOLD) [576 this run]
2026-09-22 23:46:07,428 INFO laneforge.ingest.crawl: fetched NA1_5643287139 (GOLD) [577 this run]
2026-09-22 23:46:08,304 INFO laneforge.ingest.crawl: fetched NA1_5643273414 (GOLD) [578 this run]
2026-09-22 23:46:08,496 INFO laneforge.ingest.crawl: reject NA1_5642800276 before timeline: too_short: 930s < 960s
2026-09-22 23:46:10,009 INFO laneforge.ingest.crawl: fetched NA1_5642771345 (GOLD) [579 this run]
2026-09-22 23:46:11,345 INFO laneforge.ingest.crawl: fetched NA1_5642747363 (GOLD) [580 this run]
2026-09-22 23:46:12,266 INFO laneforge.ingest.crawl: fetched NA1_5642714916 (GOLD) [581 this run]
2026-09-22 23:46:13,083 INFO laneforge.ingest.crawl: fetched NA1_5642685235 (GOLD) [582 this run]
2026-09-22 23:46:14,166 INFO laneforge.ingest.crawl: fetched NA1_5642117082 (GOLD) [583 this run]
2026-09-22 23:46:14,922 INFO laneforge.ingest.crawl: fetched NA1_5642097444 (GOLD) [584 this run]
2026-09-22 23:46:15,679 INFO laneforge.ingest.crawl: fetched NA1_5642091904 (GOLD) [585 this run]
2026-09-22 23:46:16,446 INFO laneforge.ingest.crawl: fetched NA1_5642065704 (GOLD) [586 this run]
2026-09-22 23:46:17,307 INFO laneforge.ingest.crawl: fetched NA1_5641580860 (GOLD) [587 this run]
2026-09-22 23:46:18,128 INFO laneforge.ingest.crawl: fetched NA1_5641550570 (GOLD) [588 this run]
2026-09-22 23:46:19,007 INFO laneforge.ingest.crawl: fetched NA1_5641522502 (GOLD) [589 this run]
2026-09-22 23:46:19,715 INFO laneforge.ingest.crawl: fetched NA1_5641511911 (GOLD) [590 this run]
2026-09-22 23:46:21,001 INFO laneforge.ingest.crawl: fetched NA1_5640847287 (GOLD) [591 this run]
2026-09-22 23:46:21,848 INFO laneforge.ingest.crawl: fetched NA1_5640459152 (GOLD) [592 this run]
2026-09-22 23:46:22,601 INFO laneforge.ingest.crawl: fetched NA1_5640422677 (GOLD) [593 this run]
2026-09-22 23:46:23,355 INFO laneforge.ingest.crawl: fetched NA1_5640409051 (GOLD) [594 this run]
2026-09-22 23:46:24,188 INFO laneforge.ingest.crawl: fetched NA1_5640381128 (GOLD) [595 this run]
2026-09-22 23:46:25,100 INFO laneforge.ingest.crawl: fetched NA1_5640038476 (GOLD) [596 this run]
2026-09-22 23:46:25,967 INFO laneforge.ingest.crawl: fetched NA1_5640016558 (GOLD) [597 this run]
2026-09-22 23:46:26,705 INFO laneforge.ingest.crawl: fetched NA1_5639688419 (GOLD) [598 this run]
2026-09-22 23:46:27,720 INFO laneforge.ingest.crawl: fetched NA1_5639653268 (GOLD) [599 this run]
2026-09-22 23:46:28,798 INFO laneforge.ingest.crawl: fetched NA1_5639405260 (GOLD) [600 this run]
2026-09-22 23:46:28,978 INFO laneforge.ingest.crawl: reject NA1_5639392656 before timeline: too_short: 915s < 960s
2026-09-22 23:46:29,204 INFO laneforge.ingest.crawl: reject NA1_5639074056 before timeline: wrong_patch: gameVersion 16.17.810.4348 is not patch 16.18
2026-09-22 23:46:29,628 INFO laneforge.ingest.crawl: reject NA1_5639038195 before timeline: wrong_patch: gameVersion 16.17.810.4348 is not patch 16.18
2026-09-22 23:46:30,186 INFO laneforge.ingest.crawl: reject NA1_5638821624 before timeline: wrong_patch: gameVersion 16.17.810.4348 is not patch 16.18
2026-09-22 23:46:30,831 INFO laneforge.ingest.crawl: reject NA1_5638797811 before timeline: wrong_patch: gameVersion 16.17.810.4348 is not patch 16.18
2026-09-22 23:46:31,474 INFO laneforge.ingest.crawl: reject NA1_5638779217 before timeline: wrong_patch: gameVersion 16.17.810.4348 is not patch 16.18
2026-09-22 23:46:32,101 INFO laneforge.ingest.crawl: reject NA1_5638758440 before timeline: wrong_patch: gameVersion 16.17.810.4348 is not patch 16.18
2026-09-22 23:46:32,423 INFO laneforge.ingest.crawl: seed ZHVR34MxXWs4 (GOLD IV): 2 match ids
2026-09-22 23:46:34,342 INFO laneforge.ingest.crawl: fetched NA1_5643661628 (GOLD) [601 this run]
2026-09-22 23:46:35,157 INFO laneforge.ingest.crawl: fetched NA1_5643508167 (GOLD) [602 this run]
2026-09-22 23:46:35,287 INFO laneforge.ingest.crawl: seed GQhptG7_eufA (GOLD IV): 0 match ids
2026-09-22 23:46:35,570 INFO laneforge.ingest.crawl: seed 9hvMJKIoqdKF (GOLD IV): 0 match ids
2026-09-22 23:46:36,082 INFO laneforge.ingest.crawl: seed 32h72n7wdEVW (GOLD IV): 61 match ids
2026-09-22 23:46:37,208 INFO laneforge.ingest.crawl: fetched NA1_5647272867 (GOLD) [603 this run]
2026-09-22 23:46:38,125 INFO laneforge.ingest.crawl: fetched NA1_5646927451 (GOLD) [604 this run]
2026-09-22 23:46:38,970 INFO laneforge.ingest.crawl: fetched NA1_5646928040 (GOLD) [605 this run]
2026-09-22 23:46:40,132 INFO laneforge.ingest.crawl: fetched NA1_5646916545 (GOLD) [606 this run]
2026-09-22 23:46:40,884 INFO laneforge.ingest.crawl: fetched NA1_5646903592 (GOLD) [607 this run]
2026-09-22 23:46:41,908 INFO laneforge.ingest.crawl: fetched NA1_5646905017 (GOLD) [608 this run]
2026-09-22 23:46:42,104 INFO laneforge.ingest.crawl: reject NA1_5646899917 before timeline: too_short: 923s < 960s
2026-09-22 23:46:42,282 INFO laneforge.ingest.crawl: reject NA1_5646896141 before timeline: too_short: 201s < 960s
2026-09-22 23:46:42,470 INFO laneforge.ingest.crawl: reject NA1_5646891281 before timeline: early_surrender: remake
2026-09-22 23:46:43,607 INFO laneforge.ingest.crawl: fetched NA1_5646531308 (GOLD) [609 this run]
2026-09-22 23:46:45,100 INFO laneforge.ingest.crawl: fetched NA1_5646506154 (GOLD) [610 this run]
2026-09-22 23:46:46,023 INFO laneforge.ingest.crawl: fetched NA1_5646217486 (GOLD) [611 this run]
2026-09-22 23:46:46,639 INFO laneforge.ingest.crawl: reject NA1_5646203626 before timeline: too_short: 925s < 960s
2026-09-22 23:47:58,958 ERROR laneforge.ingest: crawl failed: network error for https://americas.api.riotgames.com/lol/match/v5/matches/NA1_5646170236: [Errno 8] nodename nor servname provided, or not known
Traceback (most recent call last):
  File "/Users/angie/Desktop/columbia/fall 2026/databases/project1/laneforge/.venv/lib/python3.11/site-packages/httpx/_transports/default.py", line 101, in map_httpcore_exceptions
    yield
  File "/Users/angie/Desktop/columbia/fall 2026/databases/project1/laneforge/.venv/lib/python3.11/site-packages/httpx/_transports/default.py", line 250, in handle_request
    resp = self._pool.handle_request(req)
           ^^^^^^^^^^^^^^^^^^^^^^^^^^^^^^
  File "/Users/angie/Desktop/columbia/fall 2026/databases/project1/laneforge/.venv/lib/python3.11/site-packages/httpcore/_sync/connection_pool.py", line 256, in handle_request
    raise exc from None
  File "/Users/angie/Desktop/columbia/fall 2026/databases/project1/laneforge/.venv/lib/python3.11/site-packages/httpcore/_sync/connection_pool.py", line 236, in handle_request
    response = connection.handle_request(
               ^^^^^^^^^^^^^^^^^^^^^^^^^^
  File "/Users/angie/Desktop/columbia/fall 2026/databases/project1/laneforge/.venv/lib/python3.11/site-packages/httpcore/_sync/connection.py", line 101, in handle_request
    raise exc
  File "/Users/angie/Desktop/columbia/fall 2026/databases/project1/laneforge/.venv/lib/python3.11/site-packages/httpcore/_sync/connection.py", line 78, in handle_request
    stream = self._connect(request)
             ^^^^^^^^^^^^^^^^^^^^^^
  File "/Users/angie/Desktop/columbia/fall 2026/databases/project1/laneforge/.venv/lib/python3.11/site-packages/httpcore/_sync/connection.py", line 124, in _connect
    stream = self._network_backend.connect_tcp(**kwargs)
             ^^^^^^^^^^^^^^^^^^^^^^^^^^^^^^^^^^^^^^^^^^^
  File "/Users/angie/Desktop/columbia/fall 2026/databases/project1/laneforge/.venv/lib/python3.11/site-packages/httpcore/_backends/sync.py", line 207, in connect_tcp
    with map_exceptions(exc_map):
  File "/opt/homebrew/Cellar/python@3.11/3.11.14/Frameworks/Python.framework/Versions/3.11/lib/python3.11/contextlib.py", line 158, in __exit__
    self.gen.throw(typ, value, traceback)
  File "/Users/angie/Desktop/columbia/fall 2026/databases/project1/laneforge/.venv/lib/python3.11/site-packages/httpcore/_exceptions.py", line 14, in map_exceptions
    raise to_exc(exc) from exc
httpcore.ConnectError: [Errno 8] nodename nor servname provided, or not known

The above exception was the direct cause of the following exception:

Traceback (most recent call last):
  File "/Users/angie/Desktop/columbia/fall 2026/databases/project1/laneforge/laneforge/ingest/riot.py", line 117, in _send
    return self._http.get(url, params=dict(params or {}))
           ^^^^^^^^^^^^^^^^^^^^^^^^^^^^^^^^^^^^^^^^^^^^^^
  File "/Users/angie/Desktop/columbia/fall 2026/databases/project1/laneforge/.venv/lib/python3.11/site-packages/httpx/_client.py", line 1053, in get
    return self.request(
           ^^^^^^^^^^^^^
  File "/Users/angie/Desktop/columbia/fall 2026/databases/project1/laneforge/.venv/lib/python3.11/site-packages/httpx/_client.py", line 825, in request
    return self.send(request, auth=auth, follow_redirects=follow_redirects)
           ^^^^^^^^^^^^^^^^^^^^^^^^^^^^^^^^^^^^^^^^^^^^^^^^^^^^^^^^^^^^^^^^
  File "/Users/angie/Desktop/columbia/fall 2026/databases/project1/laneforge/.venv/lib/python3.11/site-packages/httpx/_client.py", line 914, in send
    response = self._send_handling_auth(
               ^^^^^^^^^^^^^^^^^^^^^^^^^
  File "/Users/angie/Desktop/columbia/fall 2026/databases/project1/laneforge/.venv/lib/python3.11/site-packages/httpx/_client.py", line 942, in _send_handling_auth
    response = self._send_handling_redirects(
               ^^^^^^^^^^^^^^^^^^^^^^^^^^^^^^
  File "/Users/angie/Desktop/columbia/fall 2026/databases/project1/laneforge/.venv/lib/python3.11/site-packages/httpx/_client.py", line 979, in _send_handling_redirects
    response = self._send_single_request(request)
               ^^^^^^^^^^^^^^^^^^^^^^^^^^^^^^^^^^
  File "/Users/angie/Desktop/columbia/fall 2026/databases/project1/laneforge/.venv/lib/python3.11/site-packages/httpx/_client.py", line 1014, in _send_single_request
    response = transport.handle_request(request)
               ^^^^^^^^^^^^^^^^^^^^^^^^^^^^^^^^^
  File "/Users/angie/Desktop/columbia/fall 2026/databases/project1/laneforge/.venv/lib/python3.11/site-packages/httpx/_transports/default.py", line 249, in handle_request
    with map_httpcore_exceptions():
  File "/opt/homebrew/Cellar/python@3.11/3.11.14/Frameworks/Python.framework/Versions/3.11/lib/python3.11/contextlib.py", line 158, in __exit__
    self.gen.throw(typ, value, traceback)
  File "/Users/angie/Desktop/columbia/fall 2026/databases/project1/laneforge/.venv/lib/python3.11/site-packages/httpx/_transports/default.py", line 118, in map_httpcore_exceptions
    raise mapped_exc(message) from exc
httpx.ConnectError: [Errno 8] nodename nor servname provided, or not known

The above exception was the direct cause of the following exception:

Traceback (most recent call last):
  File "/Users/angie/Desktop/columbia/fall 2026/databases/project1/laneforge/laneforge/ingest/__main__.py", line 38, in main
    return args.handler(args, paths)
           ^^^^^^^^^^^^^^^^^^^^^^^^^
  File "/Users/angie/Desktop/columbia/fall 2026/databases/project1/laneforge/laneforge/ingest/__main__.py", line 119, in cmd_crawl
    report = crawl(client, paths, window, args.limit, patch=_patch(args))
             ^^^^^^^^^^^^^^^^^^^^^^^^^^^^^^^^^^^^^^^^^^^^^^^^^^^^^^^^^^^^
  File "/Users/angie/Desktop/columbia/fall 2026/databases/project1/laneforge/laneforge/ingest/crawl.py", line 148, in crawl
  File "/Users/angie/Desktop/columbia/fall 2026/databases/project1/laneforge/laneforge/ingest/crawl.py", line 175, in _crawl_seed
    log.info("seed %s (%s %s): %d match ids", seed.puuid[:12], seed.tier, seed.division,
        ^^^^^^^^^^^^^^^^^^^^^^^^^^^^^^^^^^^^^^^^^^^^^^^^^^^^^^^^^^^^
  File "/Users/angie/Desktop/columbia/fall 2026/databases/project1/laneforge/laneforge/ingest/crawl.py", line 182, in _fetch_one
    continue
        ^^^^^
  File "/Users/angie/Desktop/columbia/fall 2026/databases/project1/laneforge/laneforge/ingest/riot.py", line 90, in get_json
    response = self._send(url, params)
               ^^^^^^^^^^^^^^^^^^^^^^^
  File "/Users/angie/Desktop/columbia/fall 2026/databases/project1/laneforge/laneforge/ingest/riot.py", line 119, in _send
    raise RiotError(f"network error for {url}: {exc}") from exc
laneforge.ingest.riot.RiotError: network error for https://americas.api.riotgames.com/lol/match/v5/matches/NA1_5646170236: [Errno 8] nodename nor servname provided, or not known
